recipe, total cost, repair cost, input cost, desired profit, base recipe cost
TNP:4xFLX-4xREA-1xTC=>1xETC, 20832.85974783878, 767.4476143947159, 11508.176619563461, 6472.786470852226, 2084.4490430283754
TNP:1xTCO=>1xO-1xTC, 9188.342248031599, 652.3304722355085, 1262.361588997579, 5501.868500224393, 1771.781686574119
TNP:1xTC=>3xTCS, 15016.269203203672, 479.65475899669735, 9188.342248031599, 4045.4915442826414, 1302.7806518927346
PP1:150xPE=>1xBDE, 2167.088431810498, 40.0926394509038, 1370.8374907701864, 341.43830158940807, 414.71999999999997
PP1:1xFE-2xLST=>1xBSE, 1473.2026120726143, 33.41053287575316, 809.6601612056878, 284.53191799117343, 345.59999999999997
PP1:1xFE-50xPE=>1xBTA, 1539.5970417786973, 20.0463197254519, 1141.4715712585412, 170.71915079470403, 207.35999999999999
PP1:2xFE-1xLST=>1xBBH, 2307.4947272499057, 44.10190339599418, 1431.6186921055623, 375.582131748349, 456.192
CLF:6xGC-1xIND-1xNL=>10xHMS, 9394.31398604929, 283.8730579400584, 7273.276385585823, 1268.8962454467223, 568.2682970766873
CLF:1xBLE-10xHD-10xPCB-2xSIL=>10xLC, 64114.68694898915, 324.42635193149533, 61690.6439770309, 1450.1671376533968, 649.449482373357
CLF:1xBLE-5xNL-5xPCB-5xSEN=>20xHSS, 34829.483972633294, 405.53293991436914, 31799.430257685486, 1812.7089220667463, 811.8118529666962
FP:10xH2O-1xPG=>10xDW, 693.6550399255574, 20.982779097420547, 368.69705185737774, 165.7352089707591, 138.23999999999998
FP:10xH2O=>7xDW, 495.4634468378541, 10.491389548710274, 332.9844528037644, 82.86760448537954, 69.11999999999999
FP:1xALG-1xBEA-1xH2O=>6xPPA, 1326.9326858961942, 52.456947743551375, 514.537715725745, 414.33802242689785, 345.59999999999997
FP:1xCAF-3xDW=>3xCOF, 1945.427991830229, 31.474168646130828, 1457.9910097279596, 248.60281345613868, 207.35999999999999
FP:1xALG-1xGRN-1xNUT=>10xRAT, 1088.4328712317954, 26.228473871775687, 682.2353861465706, 207.16901121344893, 172.79999999999998
FP:1xALG-1xGRN-1xVEG=>10xRAT, 1088.0138907624294, 26.228473871775687, 681.8164056772048, 207.16901121344893, 172.79999999999998
FP:1xBEA-1xGRN-1xNUT=>10xRAT, 1068.9760404614233, 26.228473871775687, 662.7785553761989, 207.16901121344893, 172.79999999999998
FP:1xBEA-1xGRN-1xVEG=>10xRAT, 1068.5570599920577, 26.228473871775687, 662.3595749068331, 207.16901121344893, 172.79999999999998
FP:1xALG-1xMAI-1xNUT=>10xRAT, 1107.7001383591748, 26.228473871775687, 701.5026532739502, 207.16901121344893, 172.79999999999998
FP:1xALG-1xMAI-1xVEG=>10xRAT, 1107.281157889809, 26.228473871775687, 701.0836728045845, 207.16901121344893, 172.79999999999998
FP:1xBEA-1xMAI-1xNUT=>10xRAT, 1088.2433075888032, 26.228473871775687, 682.0458225035785, 207.16901121344893, 172.79999999999998
FP:1xBEA-1xMAI-1xVEG=>10xRAT, 1087.8243271194374, 26.228473871775687, 681.6268420342128, 207.16901121344893, 172.79999999999998
FP:1xGRN-1xMUS-1xNUT=>10xRAT, 1232.5929041314619, 26.228473871775687, 826.3954190462376, 207.16901121344893, 172.79999999999998
FP:1xMAI-1xMUS-1xNUT=>10xRAT, 1251.860171258842, 26.228473871775687, 845.6626861736173, 207.16901121344893, 172.79999999999998
FP:1xGRN-1xMUS-1xVEG=>10xRAT, 1232.1739236620965, 26.228473871775687, 825.9764385768719, 207.16901121344893, 172.79999999999998
FP:1xMAI-1xMUS-1xVEG=>10xRAT, 1251.4411907894762, 26.228473871775687, 845.2437057042517, 207.16901121344893, 172.79999999999998
FP:2xALG-1xH2O=>4xPPA, 1021.4315285983863, 31.474168646130828, 533.9945464961166, 248.60281345613868, 207.35999999999999
FP:2xBEA-1xH2O=>4xPPA, 982.5178670576428, 31.474168646130828, 495.08088495537334, 248.60281345613868, 207.35999999999999
FP:2xFIM-1xMTP=>2xMEA, 6748.780389868499, 68.19403206661678, 5692.666928646914, 538.6394291549672, 449.28
FP:1xHER-2xRAT=>2xFIM, 2767.2514026386834, 52.456947743551375, 1954.856432468234, 414.33802242689785, 345.59999999999997
FP:5xMAI-5xNUT-5xVEG=>16xFOD, 4210.844632835016, 52.456947743551375, 3398.4496626645646, 414.33802242689785, 345.59999999999997
FS:10xAL-4xSTL=>1xFLO, 15070.744959484067, 183.64079120632363, 13173.09453454997, 902.1977807610798, 811.8118529666962
FS:1xAL-2xCU=>3xBRO, 3389.555907458217, 91.82039560316181, 2440.730694991167, 451.0988903805399, 405.9059264833481
FS:1xBGO-300xPE=>10xBGC, 4671.67121586108, 68.86529670237135, 3960.0523065107927, 338.3241677854049, 304.42944486251105
FS:1xCU-300xPE=>10xBCO, 4293.085653821358, 68.86529670237135, 3581.466744471071, 338.3241677854049, 304.42944486251105
FS:1xFE=>16xSFK, 969.1733047419273, 27.546118680948545, 684.5257410018123, 135.32966711416194, 121.77177794500443
FS:300xPE-1xRGO=>10xHCC, 4702.724420246858, 68.86529670237135, 3991.1055108965706, 338.3241677854049, 304.42944486251105
FS:1xAL-1xSTL=>1xBFR, 3337.5843955266473, 114.77549450395226, 2151.5528799428353, 563.8736129756746, 507.3824081041851
FS:1xSTL=>8xMFK, 1675.0532745531784, 27.546118680948545, 1390.4057108130635, 135.32966711416194, 121.77177794500443
FS:1xAL-1xZR=>1xAFR, 28146.70408465224, 137.7305934047427, 26723.46626595166, 676.6483355708098, 608.8588897250221
FS:6xFE-2xSFK=>1xUTS, 5177.126321570665, 91.82039560316181, 4228.301109103614, 451.0988903805399, 405.9059264833481
FS:1xHOG-2xSTL-2xTI=>1xSEQ, 13971.970071030375, 68.86529670237135, 13260.351161680086, 338.3241677854049, 304.42944486251105
FS:4xAU-1xCU=>5xRGO, 6247.152646780986, 91.82039560316181, 5298.327434313937, 451.0988903805399, 405.9059264833481
FS:4xAU-1xFE=>5xBGO, 6091.886624852102, 91.82039560316181, 5143.061412385052, 451.0988903805399, 405.9059264833481
FRM:1xH2O=>12xNUT, 2747.4517240343826, 212.07317715517522, 33.29844528037644, 1206.0801015988313, 1296.0
FRM:1xH2O=>2xBEA, 485.65732507271093, 35.34552952586253, 33.29844528037644, 201.0133502664719, 216.0
FRM:1xH2O=>4xGRN, 938.0162048650451, 70.69105905172506, 33.29844528037644, 402.0267005329438, 432.0
FRM:2xH2O-4xNS=>2xRCO, 1625.1949523340502, 56.55284724138006, 901.420744666315, 321.6213604263551, 345.59999999999997
FRM:2xH2O=>1xRCO, 1152.2582020623554, 84.82927086207009, 66.59689056075288, 482.4320406395326, 518.4
FRM:2xH2O=>4xHCP, 971.3146501454219, 70.69105905172506, 66.59689056075288, 402.0267005329438, 432.0
FRM:3xH2O=>4xVEG, 914.1413194673314, 63.62195314655254, 99.89533584112931, 361.8240304796495, 388.79999999999995
FRM:1xDDT-4xH2O=>4xHER, 6949.014617262992, 282.76423620690025, 3330.143578924317, 1608.106802131775, 1728.0
FRM:4xH2O=>12xMAI, 2666.4035079585788, 197.9349653448302, 133.19378112150576, 1125.6747614922426, 1209.6
FRM:4xH2O=>4xGRN, 811.7321008100073, 53.018294288793804, 133.19378112150576, 301.52002539970783, 324.0
FRM:6xH2O=>4xBEA, 923.5648793499936, 56.55284724138006, 199.79067168225862, 321.6213604263551, 345.59999999999997
WEL:10xBOS-1xGV-1xHE=>1xCHA, 68557.0113826011, 77.88719107259946, 67335.77808508031, 599.0261064481789, 544.3199999999999
WEL:1xAL-1xBSE-1xHE=>1xFC, 3470.811713841165, 69.23305873119953, 2385.2710049338066, 532.4676501761592, 483.84
WEL:1xAL-1xHE=>1xGV, 1596.597144827971, 43.27066170699971, 918.134201760872, 332.7922813600994, 302.4
WEL:1xAL-1xFE-1xHE=>10xGC, 2416.815474443203, 51.92479404839965, 1602.6599427626843, 399.3507376321193, 362.88
WEL:1xAL-1xFE-1xHE=>6xFLP, 2959.5858288968825, 86.54132341399942, 1602.6599427626843, 665.5845627201988, 604.8
WEL:1xFE-1xHE-1xI=>1xMHL, 3746.989055635641, 121.1578527795992, 1847.2928150477628, 931.8183878082781, 846.7199999999999
WEL:2xAL-1xHE-20xNFI=>6xSSC, 2194.0588652815613, 17.308264682799884, 1922.6736880547217, 133.1169125440398, 120.96
WEL:2xAL-1xHE=>6xTRU, 2222.051725344323, 34.61652936559977, 1679.2813708906435, 266.2338250880796, 241.92
WEL:2xBE-2xCF-1xHE=>4xTHP, 21186.83837680502, 31.154876429039795, 20698.345057796712, 239.61044257927153, 217.72799999999998
WEL:6xAL-1xHE=>1xDRF, 4995.255224636569, 17.308264682799884, 4723.87004740973, 133.1169125440398, 120.96
BMP:100xPE-25xPG=>20xOVE, 3745.5839573001567, 100.23182556766348, 1806.7066368537915, 801.8454948787011, 1036.8
BMP:1xAL-1xMFK-10xOVE=>10xEXO, 2639.3683858988566, 28.39901724417132, 2090.019811772387, 227.18955688229872, 293.76
BMP:1xAL-10xOVE-1xSWF=>10xEXO, 2535.4511496983646, 25.05795639191587, 2050.7318195867733, 200.46137371967527, 259.2
BMP:1xAL-10xOVE=>10xEXO, 2526.930592602028, 33.4106085225545, 1880.6381524532399, 267.2818316262337, 345.59999999999997
BMP:1xC-2xH=>200xPE, 1827.7833210269155, 46.77485193157629, 922.9739048186117, 374.19456427672725, 483.84
BMP:1xCOT-10xPG=>30xOVE, 3250.756727653458, 50.11591278383174, 2281.3180674302757, 400.92274743935053, 518.4
BMP:1xCOT-50xPG=>20xPWO, 4679.260689797992, 50.11591278383174, 3709.8220295748097, 400.92274743935053, 518.4
BMP:10xINS-1xMFK-1xSFK=>4xREP, 2419.667665820411, 41.76326065319312, 1611.8021156344255, 334.1022895327921, 432.0
BMP:1xMGS=>6xMG, 480.9724419473493, 20.046365113532698, 93.1969778580764, 160.36909897574023, 207.35999999999999
BMP:50xPE-1xRCO=>20xOVE, 2238.981966646936, 50.11591278383174, 1269.5433064237538, 400.92274743935053, 518.4
BMP:30xPG-1xS-1xSI=>30xSEA, 3763.595412365406, 50.11591278383174, 2794.1567521422235, 400.92274743935053, 518.4
BMP:1xSTL-1xTRN=>7xPT, 2891.1234864745657, 58.46856491447036, 1760.1117162141863, 467.7432053459091, 604.8
BMP:1xSTL-1xW=>15xPT, 30028.325400950976, 58.46856491447036, 28897.313630690594, 467.7432053459091, 604.8
BMP:2xSFK-1xSTL=>6xPT, 2642.5641441661837, 58.46856491447036, 1511.5523739058042, 467.7432053459091, 604.8
BMP:1xSTL=>5xPT, 2521.417481073443, 58.46856491447036, 1390.4057108130635, 467.7432053459091, 604.8
BMP:10xC-20xOVE=>20xSUN, 9930.087714883764, 33.4106085225545, 9283.795274734975, 267.2818316262337, 345.59999999999997
BMP:20xEPO-20xPG=>50xOFF, 3629.3074086677643, 33.4106085225545, 2983.0149685189763, 267.2818316262337, 345.59999999999997
BMP:3xCLI=>1xI, 1005.78004141485, 33.4106085225545, 359.4876012660617, 267.2818316262337, 345.59999999999997
BMP:4xLST-2xSIO=>50xMCG, 1282.84543673667, 41.76326065319312, 474.97988655068457, 334.1022895327921, 432.0
BMP:4xAL-50xPE=>2xSTR, 4470.973166998998, 50.11591278383174, 3501.534506775815, 400.92274743935053, 518.4
PP3:1xAR-100xPE-1xTHF=>24xINS, 3220.43309944538, 123.20266873560827, 1799.6518650154067, 870.4069211003441, 427.1716445940207
PP3:1xBBH-50xEPO-1xSTL=>1xRBH, 11596.77517888504, 197.12426997697327, 9323.525203797086, 1392.6510737605506, 683.4746313504331
PP3:100xEPO-1xKV-1xLDE=>2xRDE, 40332.19518580615, 344.9674724597032, 36354.00772940223, 2437.1393790809634, 1196.0806048632578
PP3:1xLTA-6xRG=>1xRTA, 11739.701617343893, 197.12426997697327, 9466.451642255937, 1392.6510737605506, 683.4746313504331
PP3:1xLDE-1xMAG=>1xMGC, 13084.826583163684, 542.0917424366763, 6833.389151671803, 3829.7904528415143, 1879.555236213691
PP3:250xNFI-1xTI=>1xPSH, 7051.467681587394, 197.12426997697327, 4778.217706499437, 1392.6510737605506, 683.4746313504331
PP3:2xBSE-225xEPO-1xSTL=>2xRSE, 33826.450382338335, 344.9674724597032, 29848.26292593441, 2437.1393790809634, 1196.0806048632578
PP3:2xLSE-1xTCS=>2xHSE, 21786.139061878494, 197.12426997697327, 19512.88908679054, 1392.6510737605506, 683.4746313504331
ELP:4xPCB-16xSEN=>1xSAR, 24371.170070881446, 1108.6414818403491, 16337.61348839814, 6052.052063874825, 872.8630367681321
ELP:2xBCO-1xDIS=>1xCD, 21385.478234155617, 1108.6414818403491, 13351.921651672312, 6052.052063874825, 872.8630367681321
ELP:2xAU-1xKV-4xPCB-6xSWF=>3xAAR, 36327.38040449849, 1108.6414818403491, 28293.823822015187, 6052.052063874825, 872.8630367681321
ELP:10xBAC-1xMAG-10xPE=>5xAWF, 27890.55889957736, 1075.547706263025, 20096.80997627266, 5871.393793311397, 846.8074237302775
ELP:1xDCM-1xHD-1xMB=>1xBWS, 18800.838666762094, 827.3443894330961, 12805.64718729694, 4516.456764085689, 651.3903259463673
ELP:1xCD-1xDCS-1xMB=>1xHPC, 33016.592168887364, 579.1410726031675, 28819.95813326176, 3161.519734859983, 455.9732281624571
ELP:1xDCL-1xFAN-1xMB-1xTPU=>1xBMF, 24069.203315138056, 1158.282145206335, 15675.93524388684, 6323.039469719966, 911.9464563249142
ELP:1xCBL-3xCTF=>1xLFE, 187178.33759386843, 827.3443894330961, 181183.1461144033, 4516.456764085689, 651.3903259463673
APF:1xAWF-1xFC-12xFLP-1xPCB-1xSEN-1xWAI=>1xWR, 227146.96660244517, 9921.494851127423, 148949.3367530893, 60459.965107563665, 7816.1698906648235
APF:1xBMF-1xLD-1xSAL=>1xLOG, 88302.16294746315, 5252.556097655694, 46903.41773309825, 32008.216821651353, 4137.972295057848
APF:1xAAR-1xBWS-4xRAD=>1xCOM, 99578.12879335959, 4377.130081379746, 65079.17444805549, 26673.514018042802, 3448.31024588154
APF:1xBWS-1xDA-1xOS-1xSAR=>1xRCS, 270698.7246818601, 11672.346883679322, 178701.51309438256, 71129.37071478079, 9195.49398901744
APF:1xBWS-1xOS-8xTRA=>1xADS, 152923.87689818934, 5836.173441839661, 106925.27110445053, 35564.68535739039, 4597.74699450872
APF:1xBWS-1xDA=>20xWS, 164699.33872645575, 10505.112195311389, 81901.84829772594, 64016.433643302706, 8275.944590115696
APF:1xBAC-1xFC-1xGV-1xH2O-1xHCP-1xNS-1xPCB-1xSAR-1xWAI=>1xAIR, 280343.0410398246, 14590.433604599151, 165346.52655547767, 88911.71339347599, 11494.3674862718
APF:1xFC-1xSAR-10xTHF-1xWAI=>1xACS, 194014.51084165802, 3501.704065103797, 166415.34736541478, 21338.811214434238, 2758.648196705232
APF:1xAIR-1xBMF-1xWAI-1xWR=>1xLIS, 778270.4071708982, 14590.433604599151, 663273.8926865512, 88911.71339347599, 11494.3674862718
APF:1xSNM-1xWS=>1xNV1, 269036.4483060781, 8754.260162759492, 200038.5396154699, 53347.028036085605, 6896.62049176308
APF:2xHPC-1xLD=>32xPDA, 107332.87646479411, 3501.704065103797, 79733.71298855083, 21338.811214434238, 2758.648196705232
APF:1xBMF-1xDA-5xW-1xWAI=>1xFFC, 471415.9487589798, 14590.433604599151, 356419.4342746328, 88911.71339347599, 11494.3674862718
CLR:10xC-2xSI=>1200xNFI, 14603.539029844695, 569.8325806543993, 10105.139157861371, 3131.8271692777535, 796.7401220511684
CLR:1xAL-1xSI=>10xTRN, 3697.060054011226, 178.0726814544998, 2291.310094016438, 978.6959903992978, 248.98128814099016
CLR:1xCAP-1xSWF-1xTRN=>1xTRA, 1961.9922139891623, 142.45814516359982, 837.3922459933323, 782.9567923194384, 199.1850305127921
CLR:1xC=>100xNCS, 4078.2812347962954, 427.3744354907995, 704.4813308088039, 2348.870376958315, 597.5550915383762
CLR:1xGAL-1xSI=>6xLDI, 3644.763554311392, 249.3017540362997, 1676.7136103186886, 1370.174386559017, 348.5738033973862
CLR:1xAL-1xSI=>30xSWF, 5102.810014006014, 356.1453629089996, 2291.310094016438, 1957.3919807985956, 497.9625762819803
CLR:1xFE-1xSI=>15xCAP, 4463.8886018801395, 284.91629032719965, 2214.6886658884787, 1565.9135846388767, 398.3700610255842
CLR:1xCBS-2xCF=>1xSFE, 60522.954000470636, 142.45814516359982, 59398.354032474796, 782.9567923194384, 199.1850305127921
CLR:2xNCS=>2xMTC, 2330.7655606875865, 284.91629032719965, 81.56562469592589, 1565.9135846388767, 398.3700610255842
CLR:2xAL-2xSI=>20xMWF, 7394.120108022452, 356.1453629089996, 4582.620188032876, 1957.3919807985956, 497.9625762819803
CLR:1xCBM-4xCF=>1xMFE, 97623.27630149221, 284.91629032719965, 95374.07636550054, 1565.9135846388767, 398.3700610255842
AAF:1xBMF-1xSNM=>1xNV2, 327419.0836522124, 10340.041948431935, 215872.77599428518, 77421.98587668213, 23784.279832813223
AAF:1xCST-10xES-3xFC-6xFLP-1xPCB-1xSAR-1xWAI=>1xCRU, 329964.8537848564, 11374.046143275127, 207263.91536113637, 85164.18446435033, 26162.707816094546
AAF:1xBMF-1xDA-1xSA=>1xTAC, 230159.46790279867, 12408.050338118323, 96303.89871328599, 92906.38305201853, 28541.13579937587
AAF:8xFC-100xGV-1xPCB-10xSAR-20xTHF-1xWAI=>1xCC, 712086.1395632557, 12408.050338118323, 578230.5703737431, 92906.38305201853, 28541.13579937587
AAF:1xTPU-1xWAI=>1xSTS, 246328.7703817333, 10340.041948431935, 134782.46272380598, 77421.98587668213, 23784.279832813223
WPL:1xKV-1xTC=>1xTK, 30924.671877091252, 271.7439394658127, 27589.8880749099, 1784.4361942929909, 1278.6036684225464
WPL:1xRCO=>1xCOT, 1924.1920768941416, 90.5813131552709, 812.5974761670251, 594.8120647643302, 426.2012228075155
WPL:1xRSI=>1xSIL, 3806.873016735763, 150.96885525878483, 1954.215348857235, 991.3534412738836, 710.3353713458591
WPL:50xPG=>1xNL, 3638.2876205591956, 150.96885525878483, 1785.629952680668, 991.3534412738836, 710.3353713458591
WPL:75xPG-5xTCL=>1xKV, 18401.545826878304, 241.5501684140557, 15437.293558272659, 1586.1655060382145, 1136.5365941533746
PAC:100xDW-70xFIM-10xGIN-2xHSS-5xMED-1xPDA-160xPE-4xPSS-2xVG=>1xEBU, 138498.14654892715, 149.94584148623218, 137101.95178868985, 922.1735999204109, 324.075318830675
PAC:100xDW-2xLC-70xMEA-5xMED-1xNST-280xPE-8xPSS-10xWIN-1xWS=>1xCBU, 341226.0623569807, 160.65625873524877, 339730.13939958357, 988.0431427718689, 347.22355589000887
PAC:5xCOF-40xDW-5xOVE-50xPE-2xPWO-40xRAT=>1xPBU, 12850.955071632008, 107.10417249016585, 11853.673100033922, 658.6954285145791, 231.48237059333923
PAC:50xDW-5xEXO-10xKOM-100xPE-5xPT-60xRAT-2xREP=>1xSBU, 22306.198153438025, 117.81458973918242, 21209.187984680128, 724.5649713660371, 254.63060765267318
PAC:10xALE-75xDW-5xHMS-5xMED-40xPE-1xPSS-70xRAT-1xSC-1xSCN=>1xTBU, 35046.90650061805, 133.88021561270727, 33800.30403612045, 823.369285643224, 289.35296324167405
INC:4xGRN=>4xC, 2513.5478475480636, 154.15912874004, 811.7321008100073, 856.4566179980162, 691.1999999999999
INC:2xGRN-4xHCP-2xMAI=>4xC, 2662.192177216661, 50.872512484213196, 2100.5929807931025, 282.6306839393453, 228.096
INC:2xGRN-4xHCP=>4xC, 2779.3907889804564, 101.74502496842639, 1656.1923961333398, 565.2613678786906, 456.192
INC:4xHCP-2xMAI=>4xC, 2817.9253232352157, 101.74502496842639, 1694.7269303880987, 565.2613678786906, 456.192
INC:4xHCP=>4xC, 2952.1420924663917, 154.15912874004, 1250.326345728336, 856.4566179980162, 691.1999999999999
INC:4xMAI=>4xC, 2590.616916057583, 154.15912874004, 888.8011693195261, 856.4566179980162, 691.1999999999999
LAB:5xBL-5xCST-10xHEX-1xPK=>30xJUI, 51177.50701516637, 286.1691650623153, 47687.032110177555, 2129.996913008245, 1074.3088269182533
LAB:10xNAB-2xO-3xS=>4xBLE, 9100.77117164512, 572.3383301246306, 2119.82136166749, 4259.99382601649, 2148.6176538365066
LAB:1xC-1xCL-1xH=>3xDDT, 9590.849393408433, 536.5671844918413, 3046.2089465544072, 3993.7442118904596, 2014.3290504717252
LAB:1xCL-1xH-1xO=>3xTCL, 7655.309177550992, 429.25374759347307, 2419.596820067772, 3194.9953695123677, 1611.4632403773803
LAB:1xALG-1xES-1xTHF=>4xNST, 8468.274710110903, 357.7114563278942, 4105.181078874886, 2662.4961412603066, 1342.886033647817
LAB:1xF-1xO=>2xBL, 9189.47652264542, 715.4229126557884, 463.28926017338307, 5324.992282520613, 2685.772067295634
LAB:1xHCP-1xO-1xS=>10xBAC, 19780.678623839885, 1573.9304078427344, 583.0666464014101, 11714.983021545346, 5908.698548050394
LAB:1xCL-1xNA-1xO=>3xBLE, 7789.684828669236, 357.7114563278942, 3426.591197433218, 2662.4961412603066, 1342.886033647817
LAB:1xDW-1xNS=>3xCST, 13367.352361226998, 1073.1343689836826, 278.0714675189463, 7987.488423780919, 4028.6581009434503
LAB:4xAMM-4xH2O-4xNA=>20xTHF, 13717.367703097818, 715.4229126557884, 4991.180440625783, 5324.992282520613, 2685.772067295634
LAB:50xEPO-75xNCS=>50xNR, 15711.568204691623, 572.3383301246306, 8730.618394713993, 4259.99382601649, 2148.6176538365066
ASM:1xAL-3xTI=>4xAST, 11455.420497604746, 220.0091917732771, 5968.5883949751515, 3558.0021782421027, 1708.8207326142144
ASM:1xFE-3xTI=>4xFET, 11378.799069476787, 220.0091917732771, 5891.966966847192, 3558.0021782421027, 1708.8207326142144
ASM:3xAL-1xW=>4xWAL, 35277.18152989644, 220.0091917732771, 29790.349427266847, 3558.0021782421027, 1708.8207326142144
ASM:1xO-1xSI-2xWAL=>1xCTF, 24733.454996786648, 220.0091917732771, 19246.622894157055, 3558.0021782421027, 1708.8207326142144
ASM:3xAL-3xFE=>6xFAL, 9823.850833024346, 220.0091917732771, 4337.018730394751, 3558.0021782421027, 1708.8207326142144
ECA:12xBE-60xHCC-12xLI-150xPG=>1xCBL, 106982.78112404335, 925.0210850176022, 99975.89563252516, 5553.216280285707, 528.6481262148577
ECA:4xLI-1xNCS=>1xPOW, 6422.972430031423, 370.008434007041, 3620.218233424155, 2221.2865121142836, 211.45925048594307
ECA:4xBCO-1xBRO-2xCU-2xSI=>12xSOL, 10389.74980292328, 370.008434007041, 7586.99560631601, 2221.2865121142836, 211.45925048594307
ECA:1xACS-8xAFR-10xCTF-4xEES-1xRCS-10xWAL=>1xFIR, 1390860.7953458051, 6475.147595123216, 1341812.596905178, 38872.51396199995, 3700.536883504004
ECA:1xACS-8xAST-4xBFR-6xCF-4xETC-1xRCS=>1xRAG, 653132.1781303902, 4625.1054250880115, 618097.7506727995, 27766.081401428535, 2643.2406310742886
ECA:20xBCO-6xBE-6xLI-60xPG=>1xCBS, 48134.38817227143, 555.0126510105615, 43930.25687736053, 3331.9297681714243, 317.1888757289146
ECA:8xGL-24xSOL=>12xSP, 28084.999406646337, 555.0126510105615, 23880.868111735443, 3331.9297681714243, 317.1888757289146
ECA:8xBE-40xBGC-8xLI-120xPG=>1xCBM, 72846.14464509382, 740.016868014082, 67240.63625187929, 4442.573024228567, 422.91850097188615
SKF:100xAST-100xFET-20xMFK=>1xWCB, 577702.8033114368, 230.38336972799684, 575043.1223634214, 1519.2919655357073, 910.005612751904
SKF:100xAST-16xMFK=>1xMCB, 291896.6097594877, 187.18648790399743, 289735.618989225, 1234.4247219977622, 739.3795603609219
SKF:4xMFK-10xZR=>1xMFL, 262123.01819800521, 143.989606079998, 260460.71760549542, 949.5574784598169, 568.7535079699398
SKF:125xFET-8xMFK=>1xLSL, 360254.6652622203, 259.18129094399643, 357262.52419570275, 1709.2034612276705, 1023.7563143458918
SKF:200xAST-20xMFK=>1xLCB, 579452.1089553849, 215.98440911999708, 576958.6580666202, 1424.3362176897258, 853.1302619549099
SKF:200xFET-20xMFK=>1xVCB, 575787.2676082379, 230.38336972799684, 573127.5866602223, 1519.2919655357073, 910.005612751904
SKF:20xFE-4xMFK=>1xTCB, 15857.881931320639, 115.19168486399842, 14528.041457312836, 759.6459827678536, 455.002806375952
SKF:2xMFK-20xTI=>1xSSL, 36797.338750117255, 143.989606079998, 35135.038157607494, 949.5574784598169, 568.7535079699398
SKF:8xMFK-20xZR=>1xLFL, 523248.6560405046, 201.5854485119972, 520921.43521099084, 1329.3804698437436, 796.2549111579158
SKF:35xFE-8xMFK=>1xVSC, 27295.754802126365, 143.989606079998, 25633.454209616608, 949.5574784598169, 568.7535079699398
SKF:50xFAL-12xMFK=>1xSCB, 86372.7642313777, 172.78752729599762, 84378.00352036598, 1139.4689741517805, 682.5042095639279
SKF:50xFET-4xMFK=>1xMSL, 145399.7358352501, 201.5854485119972, 143072.51500573644, 1329.3804698437436, 796.2549111579158
SKF:1xMFK-5xZR=>1xSFL, 131018.35749893442, 86.39376364799881, 130020.97714342858, 569.7344870758902, 341.25210478196396
SKF:100xMFK-600xWAL=>1xHCB, 5319164.597786419, 575.958424319992, 5312515.395416381, 3798.2299138392677, 2275.0140318797594
SME:4xHAL-10xLIO=>4xLI, 3579.4354210761926, 135.9464242009372, 2091.972102991063, 781.2768938841922, 570.24
SME:3xAUO-1xC=>2xAU, 2229.26783569162, 92.69074377336625, 1215.088300633577, 532.6887912846764, 388.79999999999995
SME:1xO-1xSCR=>6xS, 1155.6951338829388, 61.793829182244174, 479.5754438442434, 355.1258608564511, 259.2
SME:2xFE-8xO=>2xSTL, 2780.811421626127, 72.0928007126182, 1992.0051165809832, 414.3135043325263, 302.4
SME:1xAL-3xSIO=>1xSI, 1436.2735833635195, 30.896914591122087, 1098.213738344172, 177.56293042822554, 129.6
SME:1xC-1xFLX-1xO-3xSIO=>1xSI, 1530.1629248866661, 24.71753167289767, 1259.715048871188, 142.05034434258042, 103.67999999999999
SME:1xC-1xO-3xSIO=>1xSI, 1570.163564371171, 41.19588612149612, 1119.4171043453741, 236.7505739043007, 172.79999999999998
SME:4xAL-2xO-1xSI=>1xCF, 5631.982930101685, 82.39177224299225, 4730.490010050093, 473.5011478086014, 345.59999999999997
SME:1xC-1xO-4xTIO=>2xTI, 3471.62748389692, 154.48457295561045, 1781.3282588001816, 887.8146521411277, 648.0
SME:1xAL-1xO-4xTS=>1xSI, 1627.5200383062345, 24.71753167289767, 1357.0721622907565, 142.05034434258042, 103.67999999999999
SME:5xCUO-10xO-1xSIO=>3xCU, 2519.375288792094, 102.9897153037403, 1392.5091387276018, 591.8764347607517, 432.0
SME:6xALO-1xC-1xO=>3xAL, 2678.917501980374, 102.9897153037403, 1552.051351915882, 591.8764347607517, 432.0
SME:6xALO-1xC-1xFLX-1xO=>4xAL, 3044.5886765190858, 123.58765836448835, 1692.3492964416957, 710.2517217129022, 518.4
SME:1xC-6xFEO-1xFLX-1xO=>4xFE, 2738.1029640072493, 123.58765836448835, 1385.8635839298586, 710.2517217129022, 518.4
SME:1xC-6xFEO-1xO=>3xFE, 2372.431789468537, 102.9897153037403, 1245.5656394040448, 591.8764347607517, 432.0
PPF:10xPG=>1xPSS, 865.2310745971337, 51.96998253876268, 357.1259905361336, 253.18213828056346, 202.95296324167404
PPF:50xPG-1xSFK-10xTHF=>1xLFP, 9975.149845928447, 129.9249563469067, 8704.887135775947, 632.9553457014085, 507.3824081041851
PPF:20xPG=>1xPSM, 1730.4621491942673, 103.93996507752536, 714.2519810722672, 506.3642765611269, 405.9059264833481
PPF:2xMFK-40xPG-2xPSL=>2xDCL, 9531.273503651399, 181.89493888566938, 7752.9057094378995, 886.1374839819723, 710.3353713458591
PPF:20xPG-2xPSM-8xSFK=>2xDCM, 5930.025641984266, 129.9249563469067, 4659.762931831767, 632.9553457014085, 507.3824081041851
PPF:40xPG=>1xPSL, 2952.819214327535, 155.90994761628806, 1428.5039621445344, 759.5464148416904, 608.8588897250221
PPF:10xPG-1xPSS-4xSFK=>2xDCS, 2226.8080174102497, 77.95497380814403, 1464.6503913187494, 379.7732074208452, 304.42944486251105
HYF:10xH2O-4xNS=>2xRCO, 2171.9809786120827, 116.53881291367331, 1167.8083069093266, 646.2705549627461, 241.36330382633656
HYF:14xH2O-1xNS=>8xHCP, 2500.652691456672, 211.88875075213332, 674.8841974516606, 1175.0373726595387, 438.8423705933392
HYF:16xH2O-1xNS=>6xVEG, 1654.365335014919, 105.94437537606666, 741.4810880124135, 587.5186863297694, 219.4211852966696
HYF:16xH2O-2xNS=>12xALG, 3004.176607294441, 238.37484459614993, 950.187051538804, 1321.9170442419806, 493.6976669175066
HYF:1xNS=>4xMUS, 1578.032334030149, 158.91656306409993, 208.70596352639058, 881.278029494654, 329.1317779450044
HYF:20xH2O-2xNS=>12xMAI, 4734.917820670332, 423.77750150426664, 1083.3808326603098, 2350.0747453190775, 877.6847411866784
HYF:22xH2O-3xNS=>2xCAF, 2499.7889955005853, 132.43046922008332, 1358.6836867474533, 734.3983579122114, 274.276481620837
HYF:4xNS=>12xMUS, 3117.0344716118257, 264.86093844016665, 834.8238541055623, 1468.7967158244228, 548.552963241674
POL:70xEPO-150xPG=>1xDEC, 14571.474972975588, 150.0031734361381, 13297.560314105487, 783.8202813818676, 340.09120405209256
POL:1xC-1xCL-1xH-1xO=>50xEPO, 5671.907468616774, 300.0063468722762, 3124.0781508765763, 1567.6405627637353, 680.1824081041851
POL:1xC-1xH-1xMG=>50xPG, 1785.6299526806683, 105.0022214052967, 893.8896914715995, 548.6741969673074, 238.06384283646477
HWP:12xAL-1xHE=>4xLHP, 10298.95600915528, 83.8281900701822, 9290.75306218836, 583.1226521147753, 341.25210478196396
HWP:12xAL-1xHE-1xSTL=>4xBHP, 11689.361719968343, 83.8281900701822, 10681.158773001423, 583.1226521147753, 341.25210478196396
HWP:12xAL-4xAST-1xHE=>4xHHP, 22426.511804737973, 139.7136501169703, 20746.173559793107, 971.8710868579589, 568.7535079699398
HWP:12xAL-1xHE-4xTI=>4xRHP, 18586.481572905017, 195.59911016375847, 16234.0080299822, 1360.6195216011427, 796.2549111579158
HWP:2xBOS-2xCTF-1xHE=>2xATP, 63580.504930201074, 69.85682505848516, 62740.33580772864, 485.93554342897943, 284.3767539849699
HWP:4xCF-2xFAL-1xHE-1xKV=>10xBWH, 45369.284471224506, 83.8281900701822, 44361.081524257585, 583.1226521147753, 341.25210478196396
HWP:4xCTF-1xHE-2xTI-2xTK=>10xAWH, 166092.11650280198, 139.7136501169703, 164411.7782578571, 971.8710868579589, 568.7535079699398
HWP:8xAL-10xFET-1xHE=>4xAHP, 37717.770900262, 251.48457021054665, 34693.16205936124, 1749.3679563443256, 1023.7563143458918
SL:1xDA-1xDD=>1xIMM, 168996.86489731376, 3560.071952200002, 127812.00731176129, 27717.303808751414, 9907.481824601064
SL:1xNN-1xROM=>1xWAI, 131714.68172914325, 4746.762602933337, 76801.53828173997, 36956.40507833521, 13209.97576613475
SL:1xDV-1xIMM-1xWAI=>2xSNM, 383607.1453582942, 4746.762602933337, 328694.0019108909, 36956.40507833521, 13209.97576613475
SL:=>1xIDC, 27456.571723701643, 2373.3813014666684, 0.0, 18478.202539167603, 6604.987883067375
SD:=>1xBAI, 18267.37153436815, 1912.8116633452162, 0.0, 13097.6082412911, 3256.9516297318364
SD:=>1xLD, 13700.528650776114, 1434.6087475089123, 0.0, 9823.206180968324, 2442.713722298877
SD:=>1xMLI, 27401.057301552228, 2869.2174950178246, 0.0, 19646.412361936647, 4885.427444597754
SD:=>1xNF, 13700.528650776114, 1434.6087475089123, 0.0, 9823.206180968324, 2442.713722298877
SD:=>1xSA, 9133.685767184075, 956.4058316726081, 0.0, 6548.80412064555, 1628.4758148659182
SD:=>1xSAL, 9133.685767184075, 956.4058316726081, 0.0, 6548.80412064555, 1628.4758148659182
SD:=>1xWM, 18267.37153436815, 1912.8116633452162, 0.0, 13097.6082412911, 3256.9516297318364
ORC:1xDDT-20xH2O-2xSOI=>12xPIB, 17253.45695203162, 1864.117091534046, 4599.8111981622, 9567.072528369941, 1222.4561339654313
ORC:1xDDT-30xH2O-3xSOI=>6xGRA, 19762.55133133552, 2130.419533181767, 5301.241898341893, 10933.797175279933, 1397.0927245319215
ORC:1xDDT-30xH2O=>10xPIB, 18657.212589207727, 2130.419533181767, 4195.9031562141045, 10933.797175279933, 1397.0927245319215
ORC:1xDDT-40xH2O=>5xGRA, 22605.524400259896, 2663.0244164772084, 4528.887609017868, 13667.246469099919, 1746.365905664902
ORC:2xDDT-40xH2O-4xSOI=>18xHOP, 40833.736780997955, 4660.292728835115, 9199.6223963244, 23917.681320924858, 3056.1403349135785
ORC:2xDDT-60xH2O=>15xHOP, 44545.07989491227, 5326.048832954417, 8391.806312428209, 27334.492938199837, 3492.731811329804
PP2:3xAL-120xPG=>1xLSE, 7255.871231164786, 49.643858480349316, 6568.953393822919, 402.42837683547157, 234.84560202604627
PP2:1xAL-2xLST=>1xBSE, 1490.7692861944902, 43.686595462707395, 886.281589333647, 354.13697161521486, 206.66412978292072
PP2:1xAL-5xGL=>1xLTA, 3386.420322652192, 49.643858480349316, 2699.5024853103246, 402.42837683547157, 234.84560202604627
PP2:1xAL-1xGL=>1xBTA, 1560.9689347710023, 29.78631508820959, 1148.818232365882, 241.45702610128288, 140.90736121562776
PP2:2xAL-1xLST=>1xBBH, 2271.779385703348, 49.643858480349316, 1584.8615483614808, 402.42837683547157, 234.84560202604627
PP2:3xAL-35xPE=>1xLBH, 3290.2214259108923, 49.643858480349316, 2603.3035885690247, 402.42837683547157, 234.84560202604627
PP2:3xAL-1xNL=>1xLDE, 6608.646965290379, 49.643858480349316, 5921.729127948511, 402.42837683547157, 234.84560202604627
PP2:40xPG=>1xBDE, 2115.421799486401, 49.643858480349316, 1428.5039621445344, 402.42837683547157, 234.84560202604627
PP2:1xNE-50xPG=>1xAEF, 3482.3859396856537, 99.28771696069863, 2108.5502650019193, 804.8567536709431, 469.69120405209253
REF:1xAMM-2xGAL-3xH=>100xSF, 1202.0829096513016, 31.602447325021657, 719.0962323844764, 234.97834096930114, 216.4058889725022
REF:1xAMM-5xNAB=>150xSF, 2079.3381662580937, 84.27319286672443, 791.3736935465604, 626.6089092514696, 577.0823705933392
REF:4xH-2xHE3=>100xFF, 1436.5039927896094, 31.602447325021657, 953.5173155227842, 234.97834096930114, 216.4058889725022
REF:3xTS=>2xHE3, 1193.5196370738197, 52.67074554170276, 388.54184162911133, 391.63056828216855, 360.676481620837
MCA:1xAL-8xDCS-2xSFK=>8xFAN, 12171.532855979278, 330.9377557732385, 9789.52590186351, 1839.6099478565839, 211.45925048594307
MCA:3xGL-1xLCR=>1xDIS, 12493.304520908041, 1108.641481840349, 4513.581224620228, 6162.693325319556, 708.3884891279092
MCA:5xDCS-5xLDI-1xRG=>5xHD, 17597.792379518978, 1108.641481840349, 9618.06908323116, 6162.693325319556, 708.3884891279092
MCA:4xMPC-4xPSM-4xRAM-4xSFK=>4xMB, 25284.30356160405, 496.4066336598578, 21711.293130430404, 2759.414921784876, 317.1888757289146
PP4:2xLBH-150xPE-2xTHP=>1xTSH, 33945.1770947976, 1163.654557316054, 18544.699530994483, 11075.936200348759, 3160.8868061382973
PP4:1xRSE-2xTI=>1xASE, 34493.27076656981, 1066.683344206383, 20376.166333083616, 10152.941516986364, 2897.479572293439
PP4:1xNG-1xRTA=>1xATA, 26795.22896317669, 1066.683344206383, 12678.124529690507, 10152.941516986364, 2897.479572293439
PP4:1xLST-1xSTL-1xTA=>1xRSH, 52680.63156184763, 1745.481835974081, 29579.91521614297, 16613.90430052314, 4741.3302092074455
PP4:2xKV-2xLDE=>2xADE, 65420.863148140474, 1163.654557316054, 50020.38558433736, 11075.936200348759, 3160.8868061382973
PP4:125xNR-2xRBH=>2xABH, 80439.6946939361, 1357.5969835353967, 62472.470869499135, 12921.925567073555, 3687.7012738280127
CHP:10xAMM-4xREA=>10xPFE, 4885.862174735729, 96.54351365199469, 2741.2025984858087, 797.46183903789, 1250.6542235600355
CHP:20xBRM-10xCLI=>16xSOI, 5895.13995801488, 120.67939206499335, 3214.315487702481, 996.8272987973625, 1563.317779450044
CHP:1xLST=>10xFLX, 1402.9794452581377, 60.339696032496676, 62.567210101937725, 498.41364939868123, 781.658889725022
CHP:1xLST=>1xCA, 866.8145511956578, 36.20381761949801, 62.567210101937725, 299.0481896392088, 468.9953338350133
CHP:1xCU-1xMG-1xS=>1xIND, 2184.8994803607056, 48.27175682599734, 1112.569692235746, 398.730919518945, 625.3271117800177
CHP:1xBOR-5xH-1xNA=>20xNAB, 2772.4707721633627, 36.20381761949801, 1968.2234310696422, 299.0481896392088, 468.9953338350133
CHP:1xO-1xSI=>1xLCR, 3350.568034911896, 78.44160484224567, 1608.0321292088358, 647.9377442182856, 1016.1565566425288
CHP:25xBRM=>10xREA, 4396.606483571524, 84.47557444549535, 2520.0293543528437, 697.7791091581539, 1094.322445615031
CHP:2xCA-1xMG-1xTA=>20xSC, 31683.269376980235, 78.44160484224567, 29940.733471277177, 647.9377442182856, 1016.1565566425288
CHP:2xH2O-1xLST-2xN=>4xNS, 834.8238541055623, 24.13587841299867, 298.6589600430821, 199.3654597594725, 312.66355589000887
CHP:1xH2O-3xHAL=>1xCL-2xNA, 2232.481328740699, 69.99404739769615, 677.6031359595066, 578.1598333024702, 906.7243120810257
CHP:1xAL-4xCOT-1xHER-50xPE=>16xMED, 12796.774537528736, 96.54351365199469, 10652.114961278814, 797.46183903789, 1250.6542235600355
CHP:10xREA-6xVEG=>6xOLF, 6840.1482508974805, 48.27175682599734, 5767.81846277252, 398.730919518945, 625.3271117800177
SPP:20xAST-100xPG-8xTK=>1xAGS, 366026.11779200553, 4513.768726492864, 308245.7374101151, 42078.93197565686, 11187.679679740691
SPP:5xATP-30xTHF=>12xAPT, 193972.408975622, 1128.442181623216, 179527.31388014942, 10519.732993914215, 2796.919919935173
SPP:2xKV-5xLST=>12xBRP, 48672.00378064438, 902.7537452985728, 37115.927704266294, 8415.786395131374, 2237.535935948138
SPP:5xLST-2xTK=>10xARP, 76607.2749001648, 1128.442181623216, 62162.1798046922, 10519.732993914215, 2796.919919935173
SPP:5xLST-5xTA-5xW=>10xSRP, 292927.18222150975, 1128.442181623216, 278482.0871260372, 10519.732993914215, 2796.919919935173
SPP:20xTHF-5xTHP=>12xBPT, 50312.482240934914, 789.9095271362511, 40200.91567410409, 7363.813095739952, 1957.843943954621
SPP:14xFAL-4xKV-80xPG=>1xBGS, 142720.79512861025, 3385.326544869648, 99385.50984219242, 31559.19898174265, 8390.759759805518
PHF:1xBSC-2xDCM-4xMFK-20xREA=>1xADR, 56264.82388638941, 703.3412171488213, 49685.576841993025, 4686.447543264137, 1189.4582839834297
PHF:1xDCM-1xMFK-1xSAR=>1xBSC, 34124.81159558911, 703.3412171488213, 27545.564551192725, 4686.447543264137, 1189.4582839834297
PHF:1xNL-1xSIL=>20xBND, 8907.21553604971, 156.29804825529365, 7445.160637294958, 1041.4327873920306, 264.32406310742886
PHF:2xCA-4xLI-10xREA=>10xPK, 12122.061589984376, 257.89177962123455, 9709.671007039033, 1718.3640991968502, 436.1347041272576
UPF:1xCOM-10xFET-1xNV1-10xPSL-20xPSM-5xSAR=>1xBR1, 600287.5295109678, 1709.6669750735803, 583054.8602546976, 10081.543016363177, 5441.459264833481
UPF:1xCOM-10xFET-1xNV2-10xPSL-20xPSM-10xSAR=>1xBR2, 784834.1825255769, 2137.083718841975, 763293.345955239, 12601.928770453973, 6801.824081041851
UPF:10xDEC-1xLIS-10xPSL-20xPSM-1xTCU-10xTI=>1xCQM, 1128686.5670868503, 1068.5418594209875, 1117916.1488016816, 6300.964385226986, 3400.9120405209255
UPF:10xPSL-20xPSM-4xRAD-5xSAR-10xTI=>1xBRS, 250445.13382304914, 1282.2502313051855, 237520.63188084646, 7561.157262272383, 4081.094448625111
UPF:1xCOM-10xPSL-4xSAR=>1xDOU, 234345.70238548235, 769.3501387831111, 226591.00122016075, 4536.69435736343, 2448.6566691750663
UPF:1xADR-12xPSL-8xPSM=>1xTCU, 112435.41935438207, 683.8667900294322, 105542.35165187398, 4032.6172065452715, 2176.583705933392
UPF:1xBID-1xBWS-4xPCB-8xPSL=>1xFUN, 114210.24420345043, 940.3168362904693, 104732.2761125018, 5544.848658999747, 2992.8025956584142
UPF:1xDA-10xPSL-6xPSM-1xWS=>1xLU, 117709.19257682895, 641.1251156525927, 111246.94160572761, 3780.5786311361917, 2040.5472243125555
UPF:20xDEC-20xFET-1xLIS-20xPSL-30xPSM-1xTCU=>1xCQL, 1362924.0720367574, 1282.2502313051855, 1349999.5700945547, 7561.157262272383, 4081.094448625111
UPF:20xPSL-30xPSM-4xSRD=>1xRDS, 382941.4527170895, 1282.2502313051855, 370016.9507748868, 7561.157262272383, 4081.094448625111
UPF:20xPSL-12xPSM-6xUTS=>1xWOR, 118639.38917162751, 769.3501387831111, 110884.68800630589, 4536.69435736343, 2448.6566691750663
UPF:5xAL-1xBMF-1xDEC-2xPSL-5xPSM-1xTCU=>1xCQT, 176763.66709668582, 726.6084644062717, 169439.782662771, 4284.655781954351, 2312.6201875542292
UPF:30xPSL-50xPSM-8xSRD=>1xRDL, 714741.9244848934, 2137.083718841975, 693201.0879145557, 12601.928770453973, 6801.824081041851
UPF:2xBSC-10xNG-12xPSL-8xPSM-4xSEQ=>1xSU, 191600.5764644172, 854.8334875367901, 182984.24183628208, 5040.771508181589, 2720.7296324167405
UPF:2xDEC-5xFAL-1xLIS-5xPSL-10xPSM-1xTCU=>1xCQS, 968720.3710238006, 854.8334875367901, 960104.0363956654, 5040.771508181589, 2720.7296324167405
UPF:6xBBH-10xBDE-10xBSE-50xSOI=>1xHAB, 76837.21846721772, 854.8334875367901, 68220.88383908261, 5040.771508181589, 2720.7296324167405
SPF:1xCHA-10xFAL-2xMFK=>1xNOZ, 103405.95870562464, 1023.1574627620374, 85348.85942294663, 10426.977857545271, 6606.96396237071
SPF:1xCBM-1xFIR-20xSTL=>1xHPR, 1672086.0470339402, 10231.574627620372, 1491515.0542071604, 104269.7785754527, 66069.6396237071
SPF:10xAST-1xCBS-1xRAG=>1xRCT, 823802.0338165994, 5320.418806362594, 729905.1175466736, 54220.2848592354, 34356.212604327695
SPF:20xBGO-1xCBS-1xRAG=>1xQCR, 833976.7084981382, 6138.944776572223, 725634.1128020702, 62561.867145271615, 39641.78377422426
SPF:10xATP-50xPG-1xSFK=>1xAFP, 334194.4073613749, 818.5259702096299, 319748.72793523245, 8341.582286036215, 5285.571169896568
SPF:50xPG-1xSFK-5xTHP=>1xBFP, 39164.01082484013, 613.8944776572224, 28329.751255233317, 6256.186714527162, 3964.1783774224264
SPF:1xCHA-20xFET-4xMFK=>1xANZ, 151568.47236301086, 1432.4204478668523, 126288.53336726164, 14597.769000563381, 9249.749547318994
SPF:1xCHA-4xMFK-20xWAL=>1xHNZ, 278283.2243781803, 1841.6834329716671, 245780.4456693599, 18768.56014358149, 11892.53513226728
SPF:1xCBL-2xFIR-20xWAL=>1xHYR, 3317889.6694226284, 14324.204478668526, 3065090.279465136, 145977.6900056338, 92497.49547318995
SPF:1xACS-4xAFP-4xANZ-20xFET-1xMFK=>1xAEN, 2266397.8038766165, 4092.6298510481497, 2194169.406745904, 41707.911430181084, 26427.85584948284
SPF:1xACS-10xAST-4xBFP-1xMFK-4xNOZ=>1xENG, 822033.6807191328, 1637.0519404192598, 793142.321866848, 16683.16457207243, 10571.142339793136
SPF:1xACS-25xBRO-6xLFP-1xMFK-6xNOZ=>1xFSE, 938871.0416044702, 2046.3149255240749, 902756.843039114, 20853.955715090542, 13213.92792474142
SPF:1xACS-8xAFP-4xHNZ-1xMFK-20xWAL=>1xHTE, 4301754.750815603, 8185.259702096299, 4157297.956554179, 83415.82286036217, 52855.71169896568
EDM:4xCU-100xPE=>8xSCN, 9945.173560229607, 721.4423228206655, 4273.0587122362485, 3732.9547457226486, 1217.7177794500442
EDM:1xDCS-1xHD-1xNG=>1xHOG, 7007.9122561570375, 180.36058070516637, 5589.883544158699, 933.2386864306621, 304.42944486251105
EDM:1xDCS-1xPOW-1xSFK=>1xRAD, 8542.302244948478, 120.2403871367776, 7596.949770282917, 622.159124287108, 202.95296324167404
EDM:1xPCB-1xTRA=>1xMHP, 4567.9567278157365, 120.2403871367776, 3622.604253150177, 622.159124287108, 202.95296324167404
EDM:2xCD-1xKV-2xSAR=>2xBID, 111332.87114895077, 180.36058070516637, 109914.84243695243, 933.2386864306621, 304.42944486251105
IVP:16xH2O-1xHCP-1xNS=>8xRSI, 15633.72279085788, 1848.3317876499932, 1054.0626744444976, 10451.462187951103, 2279.8661408122857
IVP:1xHCP-1xNS-1xPPA=>4xMTP, 11701.662104032925, 1386.2488407374954, 766.9170167228851, 7838.59664096333, 1709.8996056092142
IVP:2xBAC-2xBL-4xREA-2xVIT=>20xVG, 30569.951845097636, 1848.3317876499932, 15990.291728684253, 10451.462187951103, 2279.8661408122857
EEP:1xES-4xFLX-4xREA=>1xEES, 79099.55622795857, 2940.873138263723, 5488.799014643991, 45301.03949567854, 25368.84457937233
EEP:1xLES=>10xES, 31689.646431121255, 1225.3638076098844, 1018.4975922401765, 18875.43312319939, 10570.351908071803
GF:10xGL-10xNCS=>10xNG, 9569.210595497785, 455.04398534679706, 4284.538755840736, 2881.279407190182, 1948.348447120071
GF:10xGL-15xPG-1xSEN=>10xRG, 10082.824631071277, 436.0838192906805, 5018.347451399936, 2761.2260985572584, 1867.1672618234013
GF:10xGL-15xPG=>10xRG, 10137.460777793778, 492.9643174590302, 4412.3996181653065, 3121.3860244560315, 2110.71081771341
GF:10xGL=>20xTUB, 4757.489272303948, 75.84066422446617, 3876.7106323611065, 480.2132345316972, 324.7247411866785
GF:16xNE-8xRG=>1xLIT, 16799.808179146403, 303.36265689786467, 13276.693619375039, 1920.8529381267888, 1298.898964746714
GF:1xGV-20xRG=>1xGCH, 24954.24394021547, 265.44232478563157, 21871.518700415523, 1680.74632086094, 1136.5365941533746
GF:1xGCH-20xRG-1xTI=>1xGNZ, 53570.819037322806, 568.8049816834964, 46964.97923775148, 3601.5992589877287, 2435.4355589000884
GF:1xFLX-1xNA-2xSIO=>12xGL, 4652.052758833326, 273.02639120807817, 1481.2496550390965, 1728.7676443141092, 1169.0090682720424
GF:1xNA-1xSEN-2xSIO=>10xGL, 4148.8461436050175, 189.60166056116546, 1946.899543747913, 1200.5330863292427, 811.8118529666962
GF:1xNA-2xSIO=>10xGL, 3983.287630341809, 227.52199267339853, 1340.951710513283, 1440.639703595091, 974.1742235600354
GF:4xGNZ-4xLFP-1xMFK-50xNG-10xTHF=>1xGEN, 314602.86052100477, 474.0041514029136, 309097.994021362, 3001.3327158231064, 2029.5296324167405
SCA:10xBGC-10xPSS-10xSI=>10xROM, 31506.541613856825, 353.90006351949904, 28625.611210699077, 2233.90469296238, 293.12564667586526
SCA:10xBCO-10xSWF-10xTRN=>10xMPC, 13724.384943588766, 495.46008892729867, 9691.082379167923, 3127.466570147333, 410.37590534621137
SCA:5xBCO-1xBGO-60xPE-10xSWF=>5xPCB, 8303.060195805074, 330.3067259515324, 5614.191819524511, 2084.977713431555, 273.58393689747425
SCA:10xH-10xN-20xTRN=>20xSEN, 12118.956664692601, 342.1033947355157, 9334.057274973447, 2159.4412031969678, 283.35479178666975
SCA:4xCAP-4xHCC-4xMWF-4xTRN=>4xTPU, 12271.123978650874, 766.7834709589147, 6029.108105142427, 4840.126834751824, 635.1055677977081
SCA:6xBCO-6xCAP-6xPSS=>6xRAM, 13586.095845048516, 495.46008892729867, 9552.793280627673, 3127.466570147333, 410.37590534621137
SE:1xBAI-1xMLI=>1xNN, 73650.8841203543, 2762.2353871637238, 45668.42883592037, 19272.17385976354, 5948.0460375066405
SE:1xLD-1xROM-1xWM=>1xOS, 72428.49472577513, 3682.980516218299, 35118.55434652994, 25696.231813018047, 7930.728050008855
SE:1xLD-1xNF=>1xDD, 64710.99768079742, 3682.980516218299, 27401.057301552228, 25696.231813018047, 7930.728050008855
SE:1xLD-1xROM-1xSA-1xSAL=>1xDA, 63101.00963096386, 2762.2353871637238, 35118.55434652995, 19272.17385976354, 5948.0460375066405
SE:=>1xDV, 27982.45528443391, 2762.2353871637238, 0.0, 19272.17385976354, 5948.0460375066405
SE:=>1xEDC, 18654.9701896226, 1841.4902581091494, 0.0, 12848.115906509023, 3965.3640250044273
FER:1xAMM-1xCA-10xDW-1xI-4xPIB=>20xVIT, 10860.368878422456, 250.20773767513356, 8415.65795038566, 1220.3289668016284, 974.1742235600354
FER:1xAMM-20xDW-15xGRA-15xREA=>10xWIN, 59931.5650620897, 250.20773767513356, 57486.854134052905, 1220.3289668016284, 974.1742235600354
FER:1xAMM-2xDW-1xES-2xGRN=>4xGIN, 5798.145331037858, 203.29378686104602, 3811.8177020079606, 991.5172855263231, 791.5165566425288
FER:1xAMM-3xDW-2xGRN-1xHOP=>6xALE, 4936.528237595492, 200.16619014010683, 2980.759495166055, 976.2631734413027, 779.3393788480283
FER:1xAMM-4xDW-1xHER=>6xKOM, 3182.53270180779, 109.46588523287092, 2112.971670791691, 533.8939229757125, 426.2012228075155
AML:4xAL-1xBOR-1xSI=>4xBOS, 26232.877563048496, 2473.137962949046, 4880.5029330805255, 16570.859491543524, 2308.377175475397
AML:2xBER=>1xAL-1xBE-1xSIO, 4638.696082481121, 494.62759258980924, 368.2211564875265, 3314.1718983087053, 461.6754350950794
AML:2xTAI=>1xFE-1xTA, 28126.942295227967, 3215.0793518337596, 368.8552762696073, 21542.11733900658, 3000.890328118016
AML:2xZIR=>2xSIO-1xZR, 25962.319096821888, 2967.7655555388556, 339.4695408603281, 19885.03138985223, 2770.0526105704766
AML:5xBTS=>1xW, 27506.907919877533, 2967.7655555388556, 1884.0583639159695, 19885.03138985223, 2770.0526105704766
DRS:1xBSC-1xDCH=>1xCCD, 64161.064384693374, 923.5245004305425, 53661.20915616744, 7603.152393814204, 1973.1783342811764
DRS:1xDRF-1xMPC-1xPOW-1xSOL=>1xDCH, 19536.397560578327, 517.173720241104, 13656.47863260381, 4257.765340535955, 1104.9798671974586
DRS:1xBSC-1xDCH-1xSAR=>1xSUD, 90632.20550128001, 1108.2294005166511, 78032.37922704889, 9123.782872577047, 2367.8140011374117
DRS:1xDCH-1xSAR=>1xRED, 54407.4228599857, 923.5245004305425, 43907.56763145978, 7603.152393814204, 1973.1783342811764
DRS:1xDCH-1xSAR-2xUTS=>1xSRD, 64761.67550312703, 923.5245004305425, 54261.8202746011, 7603.152393814204, 1973.1783342811764
DRS:1xBSC-1xDCH-1xSEQ=>1xSDR, 82332.97654713412, 1292.9343006027595, 67633.17922719782, 10644.413351339887, 2762.4496679936465
DRS:1xDCS-50xNFI=>1xDRF, 5921.82689302569, 369.409800172217, 1721.8848016153206, 3041.2609575256824, 789.2713337124706
