recipe,total cost,repair cost,input cost,desired profit,base recipe cost
TNP:4xFLX-4xREA-1xTC=>1xETC,9102.2531642051,310.7919137178982,5236.468456442607,2725.2150539163395,829.7777401282566
TNP:1xTCO=>1xO-1xTC,4102.494510066693,264.1731266602135,816.5775084685723,2316.432795828889,705.3110791090181
TNP:1xTC=>3xTCS,6518.609952414126,194.2449460736864,4102.494510062567,1703.2594086977126,518.6110875801604
PP1:150xPE=>1xBDE,739.5281597844257,15.037289157895716,491.6598441574042,164.4022264691258,68.4288
PP1:1xFE-2xLST=>1xBSE,554.1160530823363,12.531074298246429,347.5591233931518,137.00185539093812,57.023999999999994
PP1:1xFE-50xPE=>1xBTA,558.0293591259091,7.518644578947858,434.0952013123984,82.2011132345629,34.2144
PP1:2xFE-1xLST=>1xBBH,851.7475887761951,16.54101807368529,579.0924415864714,180.84244911603832,75.27167999999999
CLF:6xGC-1xIND-1xNL=>10xHMS,3921.003996696135,115.03424565534014,2958.4841101104444,638.1184687836401,209.3671721467106
CLF:1xBLE-10xHD-10xPCB-2xSIL=>10xLC,26273.36302020066,131.4677093203887,25173.340292674155,729.2782500384459,239.27676816766927
CLF:1xBLE-5xNL-5xPCB-5xSEN=>20xHSS,14558.28328564991,164.3346366504859,13183.254876241781,911.5978125480573,299.09596020958656
FP:10xH2O-1xPG=>10xDW,234.310421610137,7.8768995229359575,126.31464485676587,77.30927723043521,22.8096
FP:10xH2O=>7xDW,166.25857151973662,3.9384497614679788,112.26068314305103,38.65463861521761,11.4048
FP:1xALG-1xBEA-1xH2O=>6xPPA,462.54530572892713,19.69224880733989,192.55586384549932,193.273193076088,57.023999999999994
FP:1xCAF-3xDW=>3xCOF,705.2148872730885,11.815349284403935,543.2212221430319,115.96391584565279,34.2144
FP:1xALG-1xGRN-1xNUT=>10xRAT,396.08266898480616,9.846124403669945,261.08794804309224,96.636596538044,28.511999999999997
FP:1xALG-1xGRN-1xVEG=>10xRAT,394.67874810912974,9.846124403669945,259.6840271674158,96.636596538044,28.511999999999997
FP:1xBEA-1xGRN-1xNUT=>10xRAT,390.6385410932715,9.846124403669945,255.64382015155758,96.636596538044,28.511999999999997
FP:1xBEA-1xGRN-1xVEG=>10xRAT,389.2346202175951,9.846124403669945,254.23989927588113,96.636596538044,28.511999999999997
FP:1xALG-1xMAI-1xNUT=>10xRAT,404.89322854251725,9.846124403669945,269.89850760080327,96.636596538044,28.511999999999997
FP:1xALG-1xMAI-1xVEG=>10xRAT,403.48930766684066,9.846124403669945,268.49458672512685,96.636596538044,28.511999999999997
FP:1xBEA-1xMAI-1xNUT=>10xRAT,399.44910065098253,9.846124403669945,264.4543797092686,96.636596538044,28.511999999999997
FP:1xBEA-1xMAI-1xVEG=>10xRAT,398.0451797753061,9.846124403669945,263.05045883359213,96.636596538044,28.511999999999997
FP:1xGRN-1xMUS-1xNUT=>10xRAT,451.76476245294265,9.846124403669945,316.7700415112287,96.636596538044,28.511999999999997
FP:1xMAI-1xMUS-1xNUT=>10xRAT,460.5753220106537,9.846124403669945,325.58060106893976,96.636596538044,28.511999999999997
FP:1xGRN-1xMUS-1xVEG=>10xRAT,450.36084157726617,9.846124403669945,315.36612063555225,96.636596538044,28.511999999999997
FP:1xMAI-1xMUS-1xVEG=>10xRAT,459.1714011349772,9.846124403669945,324.1766801932633,96.636596538044,28.511999999999997
FP:2xALG-1xH2O=>4xPPA,359.9936568670907,11.815349284403935,197.999991737034,115.96391584565279,34.2144
FP:2xBEA-1xH2O=>4xPPA,349.1054010840213,11.815349284403935,187.11173595396463,115.96391584565279,34.2144
FP:2xFIM-1xMTP=>2xMEA,2593.583993109015,25.59992344954186,2242.5977186605596,251.25515099891442,74.13119999999999
FP:1xHER-2xRAT=>2xFIM,1040.236636699277,19.69224880733989,770.2471948158488,193.273193076088,57.023999999999994
FP:5xMAI-5xNUT-5xVEG=>16xFOD,1594.6034163438587,19.69224880733989,1324.6139744604313,193.273193076088,57.023999999999994
FS:10xAL-4xSTL=>1xFLO,6061.065894830139,74.96524143789998,5211.155474663987,475.8492185186654,299.09596020958656
FS:1xAL-2xCU=>3xBRO,1398.8281793872236,37.48262071894999,973.8729693041477,237.9246092593327,149.54798010479328
FS:1xBGO-300xPE=>10xBGC,1795.2687664636646,28.11196553921249,1476.5523589013576,178.44345694449953,112.16098507859496
FS:1xCU-300xPE=>10xBCO,1630.1869188785292,28.11196553921249,1311.470511316222,178.44345694449953,112.16098507859496
FS:1xFE=>16xSFK,397.69514961818646,11.244786215684995,270.20858659326376,71.37738277779981,44.86439403143799
FS:300xPE-1xRGO=>10xHCC,1806.8572137452945,28.11196553921249,1488.140806182988,178.44345694449953,112.16098507859496
FS:1xAL-1xSTL=>1xBFR,1357.6258963178611,46.85327589868748,826.4318837140163,297.4057615741658,186.9349751309916
FS:1xSTL=>8xMFK,636.347123437619,11.244786215684995,508.86056041269603,71.37738277779981,44.86439403143799
FS:1xAL-1xZR=>1xAFR,11718.820757501499,56.22393107842498,11081.387942376883,356.88691388899906,224.32197015718992
FS:6xFE-2xSFK=>1xUTS,2095.918623344928,37.48262071894999,1670.963413261852,237.9246092593327,149.54798010479328
FS:1xHOG-2xSTL-2xTI=>1xSEQ,5709.617787321982,28.11196553921249,5390.9013797596745,178.44345694449953,112.16098507859496
FS:4xAU-1xCU=>5xRGO,2524.105589403637,37.48262071894999,2099.1503793205607,237.9246092593327,149.54798010479328
FS:4xAU-1xFE=>5xBGO,2466.1633529954865,37.48262071894999,2041.2081429124107,237.9246092593327,149.54798010479328
FRM:1xH2O=>12xNUT,1038.7432857575157,83.33813875353266,11.226068314305103,716.0830768357348,228.09600185394285
FRM:1xH2O=>2xBEA,182.47893788817348,13.889689792255442,11.226068314305103,119.34717947262246,38.01600030899047
FRM:1xH2O=>4xGRN,353.7318074620419,27.779379584510885,11.226068314305103,238.69435894524491,76.03200061798094
FRM:2xH2O-4xNS=>2xRCO,669.3536592688255,22.22350366760871,395.349067950636,190.95548715619591,60.82560049438475
FRM:2xH2O=>1xRCO,433.45902360589434,33.335255501413066,22.452136628610205,286.4332307342939,91.23840074157715
FRM:2xH2O=>4xHCP,364.95787577634695,27.779379584510885,22.452136628610205,238.69435894524491,76.03200061798094
FRM:3xH2O=>4xVEG,341.9333701758784,25.001441626059794,33.67820494291531,214.8249230507204,68.42880055618285
FRM:1xDDT-4xH2O=>4xHER,2713.1941104068187,111.11751833804354,1343.171153815872,954.7774357809797,304.12800247192376
FRM:4xH2O=>12xMAI,1003.9203428708834,77.78226283663048,44.90427325722041,668.3442050466858,212.88960173034667
FRM:4xH2O=>4xGRN,301.783577618023,20.834534688383165,44.90427325722041,179.0207692089337,57.02400046348571
FRM:6xH2O=>4xBEA,341.36100120402,22.22350366760871,67.35640988583062,190.95548715619591,60.82560049438475
WEL:10xBOS-1xGV-1xHE=>1xCHA,28169.34139604842,30.979559979899435,27761.94399158405,286.6050444844751,89.8128
WEL:1xAL-1xBSE-1xHE=>1xFC,1327.7922945874652,27.537386648799497,965.6612683969099,254.76003954175565,79.83359999999999
WEL:1xAL-1xHE=>1xGV,641.4769988983496,17.210866655499686,415.14510752925264,159.22502471359724,49.895999999999994
WEL:1xAL-1xFE-1xHE=>10xGC,956.9519637654327,20.653039986599627,685.3536941225163,191.0700296563167,59.87519999999999
WEL:1xAL-1xFE-1xHE=>6xFLP,1138.0174768607103,34.42173331099937,685.3536941225163,318.4500494271945,99.79199999999999
WEL:1xFE-1xHE-1xI=>1xMHL,1415.2371596516616,48.19042663539913,781.5078638181901,445.83006919807235,139.7088
WEL:2xAL-1xHE-20xNFI=>6xSSC,913.6308524517539,6.884346662199874,823.0980959041152,63.69000988543891,19.958399999999997
WEL:2xAL-1xHE=>6xTRU,913.7819439258503,13.768693324399749,732.7164308305729,127.38001977087782,39.916799999999995
WEL:2xBE-2xCF-1xHE=>4xTHP,8578.730990553613,12.391823991959775,8415.772028767862,114.64201779379006,35.92512
WEL:6xAL-1xHE=>1xDRF,2093.5344805834934,6.884346662199874,2003.0017240358543,63.69000988543891,19.958399999999997
BMP:100xPE-25xPG=>20xOVE,1253.6582165849159,38.42089004290042,679.1222722811405,365.0430542608749,171.07199999999997
BMP:1xAL-1xMFK-10xOVE=>10xEXO,955.4181897104789,10.885918845488451,792.633005491076,103.42886537391455,48.4704
BMP:1xAL-10xOVE-1xSWF=>10xEXO,923.3681398063873,9.605222510725104,779.7341537304434,91.26076356521872,42.767999999999994
BMP:1xAL-10xOVE=>10xEXO,904.6015964982298,12.806963347633474,713.0896150636382,121.68101808695828,57.023999999999994
BMP:1xC-2xH=>200xPE,655.5464588928186,17.929748686686857,387.4296848843901,170.35342532174164,79.83359999999999
BMP:1xCOT-10xPG=>30xOVE,1263.6615920476538,19.21044502145021,976.393619895766,182.52152713043745,85.53599999999999
BMP:1xCOT-50xPG=>20xPWO,1825.8200605962475,19.21044502145021,1538.5520884443595,182.52152713043745,85.53599999999999
BMP:10xINS-1xMFK-1xSFK=>4xREP,875.2229217293715,16.008704184541838,635.8329449361318,152.10127260869783,71.28
BMP:1xMGS=>6xMG,167.44356117651193,7.684178008580083,52.5363723157569,73.00861085217498,34.2144
BMP:50xPE-1xRCO=>20xOVE,791.0365835430846,19.21044502145021,503.76861139119694,182.52152713043745,85.53599999999999
BMP:30xPG-1xS-1xSI=>30xSEA,1334.4777107615414,19.21044502145021,1047.2097386096539,182.52152713043745,85.53599999999999
BMP:1xSTL-1xTRN=>7xPT,986.8267710391839,22.41218585835858,651.6808035286483,212.941781652177,99.79199999999999
BMP:1xSTL-1xW=>15xPT,12649.577941509791,22.41218585835858,12314.431973999257,212.941781652177,99.79199999999999
BMP:2xSFK-1xSTL=>6xPT,893.7184216255015,22.41218585835858,558.5724541149659,212.941781652177,99.79199999999999
BMP:1xSTL=>5xPT,844.0065279232317,22.41218585835858,508.86056041269603,212.941781652177,99.79199999999999
BMP:10xC-20xOVE=>20xSUN,3498.8257790262983,12.806963347633474,3307.313797591707,121.68101808695828,57.023999999999994
BMP:20xEPO-20xPG=>50xOFF,1372.594678760031,12.806963347633474,1181.0826973254393,121.68101808695828,57.023999999999994
BMP:3xCLI=>1xI,413.72549299703877,12.806963347633474,222.21351156244697,121.68101808695828,57.023999999999994
BMP:4xLST-2xSIO=>50xMCG,470.1576042679078,16.008704184541838,230.76762747466822,152.10127260869783,71.28
BMP:4xAL-50xPE=>2xSTR,1721.4398800763033,19.21044502145021,1434.1719079244158,182.52152713043745,85.53599999999999
PP3:1xAR-100xPE-1xTHF=>24xINS,1275.4406583876348,49.958973717894054,656.117398844948,402.3245189035544,167.03976692123842
PP3:1xBBH-50xEPO-1xSTL=>1xRBH,4678.289419850448,79.9343579486305,3687.372204582149,643.7192302456871,267.26362707398147
PP3:100xEPO-1xKV-1xLDE=>2xRDE,16573.159930694812,139.88512641010337,14839.054803975288,1126.5086529299522,467.71134737946755
PP3:1xLTA-6xRG=>1xRTA,4538.573071081547,79.9343579486305,3547.6558558132474,643.7192302456871,267.26362707398147
PP3:1xLDE-1xMAG=>1xMGC,5606.302608996876,219.8194843587338,2881.2802670090546,1770.227883175639,734.974974453449
PP3:250xNFI-1xTI=>1xPSH,2870.9774866067783,79.9343579486305,1880.0602713384797,643.7192302456871,267.26362707398147
PP3:2xBSE-225xEPO-1xSTL=>2xRSE,13469.036968192886,139.88512641010337,11734.931841473364,1126.5086529299522,467.71134737946755
PP3:2xLSE-1xTCS=>2xHSE,8960.983341206538,79.9343579486305,7970.066125938239,643.7192302456871,267.26362707398147
ELP:4xPCB-16xSEN=>1xSAR,10238.39923452501,448.18389779940463,6856.870605185374,2585.8753028615233,347.46942867870746
ELP:2xBCO-1xDIS=>1xCD,8655.462894527018,448.18389779940463,5273.934265187383,2585.8753028615233,347.46942867870746
ELP:2xAU-1xKV-4xPCB-6xSWF=>3xAAR,14919.319205427862,448.18389779940463,11537.790576088226,2585.8753028615233,347.46942867870746
ELP:10xBAC-1xMAG-10xPE=>5xAWF,11558.026734973511,434.80527398449703,8277.439258748489,2508.6849953134188,337.09720692710425
ELP:1xDCM-1xHD-1xMB=>1xBWS,7768.366823147619,334.46559537269,5244.837995282218,1929.7576887026291,259.3055437900802
ELP:1xCD-1xDCS-1xMB=>1xHPC,13464.201239733762,234.12591676088303,11697.731060227983,1350.8303820918409,181.51388065305613
ELP:1xDCL-1xFAN-1xMB-1xTPU=>1xBMF,9946.97768444527,468.25183352176606,6414.03732543371,2701.6607641836817,363.02776130611227
ELP:1xCBL-3xCTF=>1xLFE,77373.8377324919,334.46559537269,74850.3089046265,1929.7576887026291,259.3055437900802
APF:1xAWF-1xFC-12xFLP-1xPCB-1xSEN-1xWAI=>1xWR,93505.24621219678,4086.9427648741143,60805.570252646794,25567.645267123975,3045.087927551892
APF:1xBMF-1xLD-1xSAL=>1xLOG,36745.5938129707,2163.675581403943,19434.000657914825,13535.812200242104,1612.1053734098252
APF:1xAAR-1xBWS-4xRAD=>1xCOM,42007.05465914889,1803.0629845032859,27580.727029935668,11279.843500201752,1343.4211445081878
APF:1xBWS-1xDA-1xOS-1xSAR=>1xRCS,112350.82489098728,4808.167958675429,73880.61787975203,30079.582667204675,3582.456385355167
APF:1xBWS-1xOS-8xTRA=>1xADS,63112.77596447727,2404.0839793377145,43877.672458859626,15039.791333602338,1791.2281926775836
APF:1xBWS-1xDA=>20xWS,68406.28406870214,4327.351162807886,33783.097758590404,27071.62440048421,3224.2107468196505
APF:1xBAC-1xFC-1xGV-1xH2O-1xHCP-1xNS-1xPCB-1xSAR-1xWAI=>1xAIR,115953.1594929115,6010.209948344285,67865.4007288674,37599.47833400584,4478.070481693959
APF:1xFC-1xSAR-10xTHF-1xWAI=>1xACS,79111.9180850518,1442.4503876026288,67570.8559816812,9023.874800161404,1074.7369156065502
APF:1xAIR-1xBMF-1xWAI-1xWR=>1xLIS,321456.77333842457,6010.209948344285,273369.0145743804,37599.47833400584,4478.070481693959
APF:1xSNM-1xWS=>1xNV1,110884.3297949336,3606.1259690065717,82031.67453650715,22559.687000403504,2686.8422890163756
APF:2xHPC-1xLD=>32xPDA,44161.67836621765,1442.4503876026288,32620.616262847077,9023.874800161404,1074.7369156065502
APF:1xBMF-1xDA-5xW-1xWAI=>1xFFC,197040.95563910916,6010.209948344285,148953.1968750651,37599.47833400584,4478.070481693959
CLR:10xC-2xSI=>1200xNFI,5422.899904417995,226.6443261097689,3595.271972109706,1295.852299819679,305.1313063788414
CLR:1xAL-1xSI=>10xTRN,1428.2024311689784,70.82635190930277,857.0687023226379,404.9538436936498,95.35353324338794
CLR:1xCAP-1xSWF-1xTRN=>1xTRA,781.2730936418965,56.66108152744223,324.36611056482417,323.96307495491976,76.28282659471034
CLR:1xC=>100xNCS,1622.3486706379244,169.98324458232668,251.62772140670705,971.8892248647595,228.84847978413106
CLR:1xGAL-1xSI=>6xLDI,1388.6932225708756,99.1568926730239,589.1060021859989,566.9353811711097,133.49494654074311
CLR:1xAL-1xSI=>30xSWF,1999.3361600153191,141.65270381860554,857.0687023226379,809.9076873872996,190.7070664867759
CLR:1xFE-1xSI=>15xCAP,1723.519931768726,113.32216305488446,809.7059656145815,647.9261499098395,152.5656531894207
CLR:1xCBS-2xCF=>1xSFE,25040.889828117986,56.66108152744223,24583.98284504092,323.96307495491976,76.28282659471034
CLR:2xNCS=>2xMTC,946.2609395668212,113.32216305488446,32.44697341267658,647.9261499098395,152.5656531894207
CLR:2xAL-2xSI=>20xMWF,2856.4048623379567,141.65270381860554,1714.1374046452759,809.9076873872996,190.7070664867759
CLR:1xCBM-4xCF=>1xMFE,39981.07488586495,113.32216305488446,39067.2609197108,647.9261499098395,152.5656531894207
AAF:1xBMF-1xSNM=>1xNV2,134451.53841134766,4249.378882313397,88558.33801729282,32314.16015114864,9329.6613605928
AAF:1xCST-10xES-3xFC-6xFLP-1xPCB-1xSAR-1xWAI=>1xCRU,135377.1899660512,4674.316770544737,84894.66953259087,35545.576166263505,10262.62749665208
AAF:1xBMF-1xDA-1xSA=>1xTAC,94828.35828220382,5099.254658776076,39756.517809337995,38776.99218137836,11195.59363271136
AAF:8xFC-100xGV-1xPCB-10xSAR-20xTHF-1xWAI=>1xCC,290935.5048546945,5099.254658776076,235863.66438182868,38776.99218137836,11195.59363271136
AAF:1xTPU-1xWAI=>1xSTS,101104.45126326676,4249.378882313397,55211.25086921191,32314.16015114864,9329.6613605928
WPL:1xKV-1xTC=>1xTK,13187.089788720295,106.4925724580549,11699.17377040851,910.3473085236332,471.07613733009885
WPL:1xRCO=>1xCOT,835.854002775991,35.49752415268497,339.8819966720622,303.449102841211,157.02537911003296
WPL:1xRSI=>1xSIL,1627.4182731078308,59.16254025447495,800.7982629346159,505.7485047353517,261.7089651833883
WPL:50xPG=>1xNL,1529.3180958589567,59.16254025447495,702.698085685742,505.7485047353517,261.7089651833883
WPL:75xPG-5xTCL=>1xKV,7596.679260519234,94.66006440715991,6274.0872442420905,809.1976075765629,418.7343442934212
PAC:100xDW-70xFIM-10xGIN-2xHSS-5xMED-1xPDA-160xPE-4xPSS-2xVG=>1xEBU,53192.579443602284,60.48842096011659,52620.72891663452,411.64851714895656,99.71358885868423
PAC:100xDW-2xLC-70xMEA-5xMED-1xNST-280xPE-8xPSS-10xWIN-1xWS=>1xCBU,136302.26728801604,64.80902245726777,135689.57029483627,441.0519826595963,106.83598806287597
PAC:5xCOF-40xDW-5xOVE-50xPE-2xPWO-40xRAT=>1xPBU,4644.007253025114,43.20601497151185,4235.542590905287,294.0346551063975,71.22399204191731
PAC:50xDW-5xEXO-10xKOM-100xPE-5xPT-60xRAT-2xREP=>1xSBU,8254.483363014433,47.52661646866303,7805.172234682623,323.4381206170373,78.34639124610905
PAC:10xALE-75xDW-5xHMS-5xMED-40xPE-1xPSS-70xRAT-1xSC-1xSCN=>1xTBU,13964.645729970767,54.00751871438981,13454.064902320983,367.54331888299697,89.02999005239664
INC:4xGRN=>4xC,876.0213674349333,57.541732115696114,311.54326581361573,392.88836950562126,114.04799999999999
INC:2xGRN-4xHCP-2xMAI=>4xC,976.0047450130969,18.98877159817972,789.7269714780621,129.65316193685499,37.635839999999995
INC:2xGRN-4xHCP=>4xC,988.8897665259019,37.97754319635944,616.3342194558322,259.30632387370997,75.27167999999999
INC:4xHCP-2xMAI=>4xC,1006.5108856413237,37.97754319635944,633.9553385712543,259.30632387370997,75.27167999999999
INC:4xHCP=>4xC,1025.040688170342,57.541732115696114,460.56258654902445,392.88836950562126,114.04799999999999
INC:4xMAI=>4xC,911.2636056657772,57.541732115696114,346.7855040444598,392.88836950562126,114.04799999999999
LAB:5xBL-5xCST-10xHEX-1xPK=>30xJUI,21335.300230875066,116.95121109137169,19902.848385194837,892.6536812408274,422.8469533480296
LAB:10xNAB-2xO-3xS=>4xBLE,3616.5281862157535,233.90242218274338,751.6244948552969,1785.3073624816548,845.6939066960592
LAB:1xC-1xCL-1xH=>3xDDT,3894.8006417030642,219.28352079632194,1208.9534310526356,1673.7256523265512,792.8380375275556
LAB:1xCL-1xH-1xO=>3xTCL,3132.024069447029,175.42681663705753,983.3463009266858,1338.9805218612412,634.2704300220444
LAB:1xALG-1xES-1xTHF=>4xNST,3395.840972903967,146.1890138642146,1605.276165803682,1115.817101551034,528.558691685037
LAB:1xF-1xO=>2xBL,3846.7043440394823,292.3780277284292,265.57472983891057,2231.634203102068,1057.117383370074
LAB:1xHCP-1xO-1xS=>10xBAC,8105.739897336161,643.2316610025442,227.25474609490453,4909.59524682455,2325.658243414163
LAB:1xCL-1xNA-1xO=>3xBLE,2750.4813626834843,146.1890138642146,959.9165555831988,1115.817101551034,528.558691685037
LAB:1xDW-1xNS=>3xCST,5488.349696291829,438.5670415926439,116.65527499097107,3347.4513046531024,1585.6760750551111
LAB:4xAMM-4xH2O-4xNA=>20xTHF,4082.0665311980815,292.3780277284292,500.9369169975103,2231.634203102068,1057.117383370074
LAB:50xEPO-75xNCS=>50xNR,6331.673851963684,233.90242218274338,3466.7701606032274,1785.3073624816548,845.6939066960592
ASM:1xAL-3xTI=>4xAST,4649.314832288658,87.60448638373167,2568.4396970589246,1328.640480532985,664.6301683130173
ASM:1xFE-3xTI=>4xFET,4601.952095580601,87.60448638373167,2521.0769603508675,1328.640480532985,664.6301683130173
ASM:3xAL-1xW=>4xWAL,14839.160518720257,87.60448638373167,12758.285383490524,1328.640480532985,664.6301683130173
ASM:1xO-1xSI-2xWAL=>1xCTF,10065.973364668667,87.60448638373167,7985.098229438933,1328.640480532985,664.6301683130173
ASM:3xAL-3xFE=>6xFAL,3844.2148649134865,87.60448638373167,1763.339729683752,1328.640480532985,664.6301683130173
ECA:12xBE-60xHCC-12xLI-150xPG=>1xCBL,44652.38881178329,372.20902976051485,41752.6627594654,2323.0902606099485,204.42676194743675
ECA:4xLI-1xNCS=>1xPOW,2818.505285751597,148.88361190420596,1658.6148648244368,929.2361042439795,81.7707047789747
ECA:4xBCO-1xBRO-2xCU-2xSI=>12xSOL,4013.537652295488,148.88361190420596,2853.6472313683284,929.2361042439795,81.7707047789747
ECA:1xACS-8xAFR-10xCTF-4xEES-1xRCS-10xWAL=>1xFIR,573721.5496620131,2605.463208323604,553423.4672957876,16261.63182426964,1430.9873336320572
ECA:1xACS-8xAST-4xBFR-6xCF-4xETC-1xRCS=>1xRAG,270115.9883310748,1861.0451488025742,255617.35806948537,11615.451303049742,1022.1338097371838
ECA:20xBCO-6xBE-6xLI-60xPG=>1xCBS,20245.159782007664,223.32541785630892,18505.324150616925,1393.8541563659694,122.65605716846204
ECA:8xGL-24xSOL=>12xSP,10778.567103064875,223.32541785630892,9038.731471674137,1393.8541563659694,122.65605716846204
ECA:8xBE-40xBGC-8xLI-120xPG=>1xCBM,30389.61479331404,297.7672238084119,28069.83395145971,1858.472208487959,163.5414095579494
SKF:100xAST-100xFET-20xMFK=>1xWCB,234022.5463836441,85.95220112722909,232872.54099940197,721.0541974311977,342.99898568370133
SKF:100xAST-16xMFK=>1xMCB,118439.94442571618,69.83616341587363,117505.56505101945,585.8565354128482,278.68667586800734
SKF:4xMFK-10xZR=>1xMFL,108675.09311761672,53.720125704518175,107956.33975246537,450.6588733944986,214.37436605231335
SKF:125xFET-8xMFK=>1xLSL,145741.10616403288,96.69622626813269,144447.3501067605,811.1859721100975,385.873858894164
SKF:200xAST-20xMFK=>1xLCB,235134.73946463663,80.58018855677726,234056.60941690963,675.9883100917482,321.56154907846997
SKF:200xFET-20xMFK=>1xVCB,232838.47796613647,85.95220112722909,231688.4725818943,721.0541974311977,342.99898568370133
SKF:20xFE-4xMFK=>1xTCB,6297.347985696091,42.976100563614544,5722.345293575026,360.52709871559887,171.49949284185067
SKF:2xMFK-20xTI=>1xSSL,15883.629304390231,53.720125704518175,15164.875939238904,450.6588733944986,214.37436605231335
SKF:8xMFK-20xZR=>1xLFL,216918.93421614263,75.20817598632544,215912.67950493074,630.9224227522981,300.12411247323865
SKF:35xFE-8xMFK=>1xVSC,10812.401019335064,53.720125704518175,10093.647654183735,450.6588733944986,214.37436605231335
SKF:50xFAL-12xMFK=>1xSCB,33852.14859706185,64.46415084542181,32989.64455888026,540.7906480733984,257.24923926277603
SKF:50xFET-4xMFK=>1xMSL,58848.82946625801,75.20817598632544,57842.57475504615,630.9224227522981,300.12411247323865
SKF:1xMFK-5xZR=>1xSFL,54329.878504896056,32.232075422710906,53898.62648580526,270.3953240366992,128.62461963138801
SKF:100xMFK-600xWAL=>1xHCB,2236703.430244406,214.8805028180727,2233828.416783801,1802.6354935779943,857.4974642092534
SME:4xHAL-10xLIO=>4xLI,1642.3913781391068,51.05820589445339,1134.8717110437472,362.3718612009063,94.08959999999999
SME:3xAUO-1xC=>2xAU,885.4997781813441,34.81241310985458,539.4636415254168,247.07172354607246,64.152
SME:1xO-1xSCR=>6xS,516.5610490614125,23.20827540656972,285.8702912907945,164.71448236404828,42.767999999999994
SME:2xFE-8xO=>2xSTL,1017.7211208316423,27.076321307664678,748.581903432588,192.16689609138967,49.895999999999994
SME:1xAL-3xSIO=>1xSI,547.0165329989677,11.60413770328486,431.6711541136586,82.35724118202414,21.383999999999997
SME:1xC-1xFLX-1xO-3xSIO=>1xSI,539.497379031003,9.283310162627888,447.2210759227558,65.88579294561931,17.1072
SME:1xC-1xO-3xSIO=>1xSI,545.5419820135484,15.472183604379815,391.7481434998029,109.80965490936552,28.511999999999997
SME:4xAL-2xO-1xSI=>1xCF,2169.4115318156046,30.94436720875963,1861.823854788114,219.61930981873104,57.023999999999994
SME:1xC-1xO-4xTIO=>2xTI,1500.5789158584569,58.020688516424315,923.8520214319119,411.78620591012077,106.91999999999999
SME:1xAL-1xO-4xTS=>1xSI,727.9031358634849,9.283310162627888,635.6268327552377,65.88579294561931,17.1072
SME:5xCUO-10xO-1xSIO=>3xCU,984.4524690302482,38.680459010949534,599.9678727458848,274.5241372734138,71.28
SME:6xALO-1xC-1xO=>3xAL,1137.915441525556,38.680459010949534,753.4308452411926,274.5241372734138,71.28
SME:6xALO-1xC-1xFLX-1xO=>4xAL,1270.2852932053813,46.41655081313944,808.9037776641455,329.42896472809656,85.53599999999999
SME:1xC-6xFEO-1xFLX-1xO=>4xFE,1080.8343464011048,46.41655081313944,619.4528308598686,329.42896472809656,85.53599999999999
SME:1xC-6xFEO-1xO=>3xFE,948.4644947212792,38.680459010949534,563.9798984369158,274.5241372734138,71.28
PPF:10xPG=>1xPSS,357.6784210444457,21.02413130046661,140.53961713714838,121.34068255443412,74.77399005239664
PPF:50xPG-1xSFK-10xTHF=>1xLFP,3311.434307895876,52.560328251166524,2768.5872981276325,303.3517063860853,186.9349751309916
PPF:20xPG=>1xPSM,715.3568420888914,42.04826260093322,281.07923427429677,242.68136510886825,149.54798010479328
PPF:2xMFK-40xPG-2xPSL=>2xDCL,3907.811167815833,73.58445955163315,3147.825354140292,424.6923889405195,261.7089651833883
PPF:20xPG-2xPSM-8xSFK=>2xDCM,2453.487502995306,52.560328251166524,1910.6404932270627,303.3517063860853,186.9349751309916
PPF:40xPG=>1xPSL,1213.5748802704854,63.07239390139983,562.1584685485935,364.02204766330243,224.32197015718992
PPF:10xPG-1xPSS-4xSFK=>2xDCS,923.3500314430609,31.536196950699914,597.641825582115,182.01102383165122,112.16098507859496
HYF:10xH2O-4xNS=>2xRCO,854.0624055922148,44.69602831474229,485.1576144650768,266.21764718934116,57.991115623054526
HYF:14xH2O-1xNS=>8xHCP,921.1251730983017,81.26550602680418,250.38918923077787,484.03208579880237,105.43839204191733
HYF:16xH2O-1xNS=>6xVEG,608.20931779315,40.63275301340209,272.84132585938806,242.01604289940119,52.71919602095866
HYF:16xH2O-2xNS=>12xALG,1120.6435405408586,91.42369428015468,366.0655586898946,544.5360965236524,118.61819104715698
HYF:1xNS=>4xMUS,596.2762207311495,60.949129520103135,93.22423283050645,363.02406434910176,79.07879403143798
HYF:20xH2O-2xNS=>12xMAI,1752.4417996821628,162.53101205360835,410.9698319471149,968.0641715976047,210.87678408383465
HYF:22xH2O-3xNS=>2xCAF,945.8561913234339,50.79094126675261,526.6462014062316,302.52005362425143,65.89899502619832
HYF:4xNS=>12xMUS,1211.3169111564305,101.58188253350522,372.8969313220258,605.0401072485029,131.79799005239664
POL:70xEPO-150xPG=>1xDEC,5765.623695395548,57.434250051937504,5258.106377736224,342.3595800418901,107.7234875654958
POL:1xC-1xCL-1xH-1xO=>50xEPO,2250.00865765204,114.86850010387501,1234.9740223333927,684.7191600837803,215.4469751309916
POL:1xC-1xH-1xMG=>50xPG,702.6980857031558,40.203975036356255,347.4359633416294,239.6517060293231,75.40644129584706
HWP:12xAL-1xHE=>4xLHP,4331.002934806677,31.293357284403903,3908.429663843776,262.65529404711043,128.62461963138801
HWP:12xAL-1xHE-1xSTL=>4xBHP,4839.863495219374,31.293357284403903,4417.290224256472,262.65529404711043,128.62461963138801
HWP:12xAL-4xAST-1xHE=>4xHHP,9262.033280949163,52.15559547400651,8557.744496010993,437.75882341185064,214.37436605231335
HWP:12xAL-1xHE-4xTI=>4xRHP,7895.591794434021,73.01783366360914,6909.587495520582,612.8623527765909,300.12411247323865
HWP:2xBOS-2xCTF-1xHE=>2xATP,25986.243547648846,26.077797737003255,25634.099155179756,218.87941170592532,107.18718302615667
HWP:4xCF-2xFAL-1xHE-1xKV=>10xBWH,18075.87739759665,31.293357284403903,17653.304126633753,262.65529404711043,128.62461963138801
HWP:4xCTF-1xHE-2xTI-2xTK=>10xAWH,68940.51452026407,52.15559547400651,68236.22573532589,437.75882341185064,214.37436605231335
HWP:8xAL-10xFET-1xHE=>4xAHP,15410.744422194479,93.88007185321172,14143.024609305774,787.9658821413311,385.873858894164
SL:1xDA-1xDD=>1xIMM,69469.23316065654,1424.739764641619,52776.718309006996,11310.463750485367,3957.3113365225704
SL:1xNN-1xROM=>1xWAI,53963.631188680774,1899.6530195221587,31706.94471981469,15080.61833398049,5276.4151153634275
SL:1xDV-1xIMM-1xWAI=>2xSNM,157222.72066878463,1899.6530195221587,134966.03419991856,15080.61833398049,5276.4151153634275
SL:=>1xIDC,11128.343234433038,949.8265097610794,0.0,7540.309166990245,2638.2075576817138
SD:=>1xBAI,7589.618379037723,762.1110704916265,0.0,5530.979589595695,1296.527718950401
SD:=>1xLD,5692.213784278291,571.58330286872,0.0,4148.234692196771,972.3957892128008
SD:=>1xMLI,11384.427568556583,1143.16660573744,0.0,8296.469384393542,1944.7915784256015
SD:=>1xNF,5692.213784278291,571.58330286872,0.0,4148.234692196771,972.3957892128008
SD:=>1xSA,3794.8091895188613,381.05553524581325,0.0,2765.4897947978475,648.2638594752005
SD:=>1xSAL,3794.8091895188613,381.05553524581325,0.0,2765.4897947978475,648.2638594752005
SD:=>1xWM,7589.618379037723,762.1110704916265,0.0,5530.979589595695,1296.527718950401
ORC:1xDDT-20xH2O-2xSOI=>12xPIB,7559.709890861033,760.510463167926,1900.1637103091277,4411.4095890651115,487.6261283188691
ORC:1xDDT-30xH2O-3xSOI=>6xGRA,8669.164902957971,869.154815049058,2201.112125184366,5041.610958931555,557.2870037929931
ORC:1xDDT-30xH2O=>10xPIB,8103.1017077614115,869.154815049058,1635.0489299878047,5041.610958931555,557.2870037929931
ORC:1xDDT-40xH2O=>5xGRA,9832.375585347863,1086.4435188113227,1747.3096131308557,6302.013698664444,696.6087547412416
ORC:2xDDT-40xH2O-4xSOI=>18xHOP,17949.19287199802,1901.2761579198143,3800.3274206182555,11028.523972662777,1219.0653207971725
ORC:2xDDT-60xH2O=>15xHOP,19440.229804409628,2172.8870376226455,3270.0978599756095,12604.027397328888,1393.2175094824831
PP2:3xAL-120xPG=>1xLSE,2899.530207046304,18.74579254117975,2639.1893755497413,177.04129517263488,64.5537437827479
PP2:1xAL-2xLST=>1xBSE,624.0217918181834,16.496297436238176,394.9218601012082,155.7963397519187,56.80729452881815
PP2:1xAL-5xGL=>1xLTA,1210.197259317517,18.74579254117975,949.8564278209543,177.04129517263488,64.5537437827479
PP2:1xAL-1xGL=>1xBTA,600.2328431031846,11.247475524707848,444.0283442052471,106.22477710358093,38.73224626964874
PP2:2xAL-1xLST=>1xBBH,934.1587464991471,18.74579254117975,673.8179150025846,177.04129517263488,64.5537437827479
PP2:3xAL-35xPE=>1xLBH,1327.7754317039175,18.74579254117975,1067.434600207355,177.04129517263488,64.5537437827479
PP2:3xAL-1xNL=>1xLDE,2742.3728972212266,18.74579254117975,2482.0320657246634,177.04129517263488,64.5537437827479
PP2:40xPG=>1xBDE,822.4993000451561,18.74579254117975,562.1584685485935,177.04129517263488,64.5537437827479
PP2:1xNE-50xPG=>1xAEF,1424.0877711805156,37.4915850823595,903.4061081873904,354.08259034526975,129.1074875654958
REF:1xAMM-2xGAL-3xH=>100xSF,541.3266975394909,11.862285191319284,372.4571160856051,108.91429924684749,48.09299701571899
REF:1xAMM-5xNAB=>150xSF,740.5072022983014,31.63276051018476,290.1883184212727,290.4381313249266,128.2479920419173
REF:4xH-2xHE3=>100xFF,761.5191222668878,11.862285191319284,592.6495408130021,108.91429924684749,48.09299701571899
REF:3xTS=>2xHE3,500.4754910530127,19.770475318865472,219.0261886298699,181.5238320780791,80.15499502619832
MCA:1xAL-8xDCS-2xSFK=>8xFAN,5055.351275801466,133.78623814907598,4060.6833426839908,779.1109901894249,81.7707047789747
MCA:3xGL-1xLCR=>1xDIS,4947.896881535859,448.18389779940463,1615.7593055923164,2610.021817134574,273.93186100956524
MCA:5xDCS-5xLDI-1xRG=>5xHD,7187.505468219941,448.18389779940463,3855.367892276398,2610.021817134574,273.93186100956524
MCA:4xMPC-4xPSM-4xRAM-4xSFK=>4xMB,10322.372601090025,200.679357223614,8830.370701413809,1168.6664852841375,122.65605716846204
PP4:2xLBH-150xPE-2xTHP=>1xTSH,13959.998995512162,469.31753141956904,7436.576202793806,4830.958203574082,1223.1470577247048
PP4:1xRSE-2xTI=>1xASE,14210.554570049508,430.20773713460494,8230.750343391015,4428.378353276243,1121.2181362476463
PP4:1xNG-1xRTA=>1xATA,10875.275782167164,430.20773713460494,4895.4715555086705,4428.378353276243,1121.2181362476463
PP4:1xLST-1xSTL-1xTA=>1xRSH,22014.16495863069,703.9762971293535,12229.030769553152,7246.437305361124,1834.7205865870574
PP4:2xKV-2xLDE=>2xADE,27201.497770157504,469.31753141956904,20678.074977439148,4830.958203574082,1223.1470577247048
PP4:125xNR-2xRBH=>2xABH,32796.42339422162,547.5371199894971,25185.76346938354,5636.117904169763,1427.0049006788224
CHP:10xAMM-4xREA=>10xPFE,2433.1379514145456,36.570128028912386,1607.4514620854097,384.58200904871916,404.5343522515039
CHP:20xBRM-10xCLI=>16xSOI,3019.003707716458,45.71266003614049,1986.8955960550384,480.7275113108989,505.66794031437985
CHP:1xLST=>10xFLX,554.7293242306537,22.856330018070246,38.67526839994401,240.36375565544944,252.83397015718992
CHP:1xLST=>1xCA,348.30770189836977,13.713798010842147,38.67526839994401,144.21825339326966,151.70038209431397
CHP:1xCU-1xMG-1xS=>1xIND,854.9948360389532,18.285064014456193,442.1515913743855,192.29100452435958,202.26717612575194
CHP:1xBOR-5xH-1xNA=>20xNAB,882.6055755276984,13.713798010842147,572.9731420292726,144.21825339326966,151.70038209431397
CHP:1xO-1xSI=>1xLCR,1236.3882428819977,29.713229023491316,565.5179703020754,312.47288235208435,328.68416120434694
CHP:25xBRM=>10xREA,2280.205541721596,31.998862025298344,1557.7298635586026,336.5092579176292,353.96755822006594
CHP:2xCA-1xMG-1xTA=>20xSC,13076.887877312376,29.713229023491316,12406.017604732455,312.47288235208435,328.68416120434694
CHP:2xH2O-1xLST-2xN=>4xNS,372.89693132300073,9.142532007228096,166.47530899071685,96.14550226217979,101.13358806287597
CHP:1xH2O-3xHAL=>1xCL-2xNA,889.4247279081983,26.513342820961483,290.8020231445751,278.82195656032144,293.2874053823403
CHP:1xAL-4xCOT-1xHER-50xPE=>16xMED,5341.87188357989,36.570128028912386,4516.185394250754,384.58200904871916,404.5343522515039
CHP:10xREA-6xVEG=>6xOLF,3223.5162804010233,18.285064014456193,2810.673035736456,192.29100452435958,202.26717612575194
SPP:20xAST-100xPG-8xTK=>1xAGS,155093.93365094674,1816.1245181237534,130148.688639189,18792.658090761575,4336.46240287243
SPP:5xATP-30xTHF=>12xAPT,77325.01991882283,454.03112953093836,71088.70866588339,4698.164522690394,1084.1156007181075
SPP:2xKV-5xLST=>12xBRP,20375.783865043155,363.2249036247507,15386.734862691603,3758.531618152315,867.292480574486
SPP:5xLST-2xTK=>10xARP,32803.86717168451,454.03112953093836,26567.555918745078,4698.164522690394,1084.1156007181075
SPP:5xLST-5xTA-5xW=>10xSRP,123865.01936657452,454.03112953093836,117628.70811363509,4698.164522690394,1084.1156007181075
SPP:20xTHF-5xTHP=>12xBPT,19170.89814643109,317.82179067165674,14805.480269373482,3288.7151658832754,758.8809205026753
SPP:14xFAL-4xKV-80xPG=>1xBGS,59189.80242194954,1362.0933885928148,40480.86866313123,14094.49356807118,3252.346802154322
PHF:1xBSC-2xDCM-4xMFK-20xREA=>1xADR,24729.819626605145,281.86524657363844,21803.28907513169,2184.7050905180863,459.9602143817327
PHF:1xDCM-1xMFK-1xSAR=>1xBSC,14471.216927570731,281.86524657363844,11544.686376097274,2184.7050905180863,459.9602143817327
PHF:1xNL-1xSIL=>20xBND,3807.0764914408146,62.636721460808516,3156.7363688911573,485.49002011513033,102.21338097371837
PHF:2xCA-4xLI-10xREA=>10xPK,5692.273525841465,103.35059041033408,4619.2123236345315,801.0585331899649,168.6520786066353
UPF:1xCOM-10xFET-1xNV1-10xPSL-20xPSM-5xSAR=>1xBR1,249233.20846168263,637.7679132283231,242028.2982277866,4843.566519619752,1723.5758010479328
UPF:1xCOM-10xFET-1xNV2-10xPSL-20xPSM-10xSAR=>1xBR2,325793.6408073967,797.2098915354039,316787.5030150267,6054.45814952469,2154.4697513099163
UPF:10xDEC-1xLIS-10xPSL-20xPSM-1xTCU-10xTI=>1xCQM,465453.13020820264,398.60494576770196,460950.0613120176,3027.229074762345,1077.2348756549582
UPF:10xPSL-20xPSM-4xRAD-5xSAR-10xTI=>1xBRS,105377.86459613271,478.3259349212424,99974.1819207107,3632.6748897148145,1292.6818507859496
UPF:1xCOM-10xPSL-4xSAR=>1xDOU,98335.7617245388,286.9955609527454,95093.5521192856,2179.6049338288885,775.6091104715698
UPF:1xADR-12xPSL-8xPSM=>1xTCU,47894.11908498,255.10716529132927,45012.154991421594,1937.4266078479009,689.4303204191731
UPF:1xBID-1xBWS-4xPCB-8xPSL=>1xFUN,47088.91683637056,350.77235227557776,43126.21620772776,2663.961585790864,947.9666905763631
UPF:1xDA-10xPSL-6xPSM-1xWS=>1xLU,48561.92805286795,239.1629674606212,45860.08671515694,1816.3374448574073,646.3409253929748
UPF:20xDEC-20xFET-1xLIS-20xPSL-30xPSM-1xTCU=>1xCQL,558803.3157839383,478.3259349212424,553399.6331085162,3632.6748897148145,1292.6818507859496
UPF:20xPSL-30xPSM-4xSRD=>1xRDS,159347.7145895351,478.3259349212424,153944.03191411312,3632.6748897148145,1292.6818507859496
UPF:20xPSL-12xPSM-6xUTS=>1xWOR,48667.80449755257,286.9955609527454,45425.59489229936,2179.6049338288885,775.6091104715698
UPF:5xAL-1xBMF-1xDEC-2xPSL-5xPSM-1xTCU=>1xCQT,74260.02824391934,271.05136312203734,71197.94139451353,2058.515770838395,732.5197154453714
UPF:30xPSL-50xPSM-8xSRD=>1xRDL,297607.73267619364,797.2098915354039,288601.59488382365,6054.45814952469,2154.4697513099163
UPF:2xBSC-10xNG-12xPSL-8xPSM-4xSEQ=>1xSU,79328.2897746888,318.88395661416155,75725.8346577408,2421.783259809876,861.7879005239664
UPF:2xDEC-5xFAL-1xLIS-5xPSL-10xPSM-1xTCU=>1xCQS,400908.1259914255,318.88395661416155,397305.6708744775,2421.783259809876,861.7879005239664
UPF:6xBBH-10xBDE-10xBSE-50xSOI=>1xHAB,31451.579304907653,318.88395661416155,27849.124187959645,2421.783259809876,861.7879005239664
SPF:1xCHA-10xFAL-2xMFK=>1xNOZ,42069.91729699198,411.7423605066021,34735.452951621424,4336.978754388918,2585.7432304750355
SPF:1xCBM-1xFIR-20xSTL=>1xHPR,687633.0191070295,4117.423605066021,614288.375653324,43369.787543889186,25857.432304750357
SPF:10xAST-1xCBS-1xRAG=>1xRCT,340123.6497804091,2141.060274634331,301984.4351844822,22552.289522822375,13445.864798470186
SPF:20xBGO-1xCBS-1xRAG=>1xQCR,344232.5875880185,2470.4541630396134,300225.80151579506,26021.872526333515,15514.459382850213
SPF:10xATP-50xPG-1xSFK=>1xAFP,136526.34324705557,329.39388840528164,130658.7717707591,3469.5830035111344,2068.594584380028
SPF:50xPG-1xSFK-5xTHP=>1xBFP,15851.646377951183,247.04541630396128,11450.967770728848,2602.187252633351,1551.4459382850214
SPF:1xCHA-20xFET-4xMFK=>1xANZ,61765.52551857943,576.439304709243,51497.275435060656,6071.770256144486,3620.0405226650496
SPF:1xCHA-4xMFK-20xWAL=>1xHNZ,115885.35337076166,741.1362489118837,102683.31754909467,7806.561757900054,4654.337814855064
SPF:1xCBL-2xFIR-20xWAL=>1xHYR,1368973.7915422353,5764.39304709243,1266291.2907070476,60717.70256144484,36200.405226650495
SPF:1xACS-4xAFP-4xANZ-20xFET-1xMFK=>1xAEN,924706.5543739999,1646.9694420264084,895368.6969925177,17347.91501755567,10342.972921900142
SPF:1xACS-10xAST-4xBFP-1xMFK-4xNOZ=>1xENG,334236.14620202425,658.7877768105633,322501.0032494313,6939.166007022269,4137.189168760056
SPF:1xACS-25xBRO-6xLFP-1xMFK-6xNOZ=>1xFSE,377805.4012832456,823.4847210132042,363136.4725925044,8673.957508777836,5171.486460950071
SPF:1xACS-8xAFP-4xHNZ-1xMFK-20xWAL=>1xHTE,1767815.1382481537,3293.938884052817,1709139.4234851894,34695.83003511134,20685.945843800284
EDM:4xCU-100xPE=>8xSCN,4069.0397408375497,292.35086023009956,1640.3765214439243,1687.6684188491465,448.64394031437985
EDM:1xDCS-1xHD-1xNG=>1xHOG,2872.6013431325196,73.08771505752489,2265.435538284113,421.91710471228663,112.16098507859496
EDM:1xDCS-1xPOW-1xSFK=>1xRAD,3709.8134514661288,48.725143371683245,3305.036248233858,281.2780698081911,74.77399005239664
EDM:1xPCB-1xTRA=>1xMHP,1849.9863732530641,48.725143371683245,1445.2091700207927,281.2780698081911,74.77399005239664
EDM:2xCD-1xKV-2xSAR=>2xBID,45991.56932221419,73.08771505752489,45384.40351736578,421.91710471228663,112.16098507859496
IVP:16xH2O-1xHCP-1xNS=>8xRSI,6406.386103574925,743.7922474288251,387.9819724966442,4367.042480384175,907.5694032652807
IVP:1xHCP-1xNS-1xPPA=>4xMTP,4809.44432804747,557.8441855716188,295.64122973875885,3275.2818602881325,680.6770524489606
IVP:2xBAC-2xBL-4xREA-2xVIT=>20xVG,12874.306515001352,743.7922474288251,6855.90238392307,4367.042480384175,907.5694032652807
EEP:1xES-4xFLX-4xREA=>1xEES,32613.130831432045,1178.842224133882,2441.7598239132817,19012.909024242334,9979.619759142548
EEP:1xLES=>10xES,13077.858775539258,491.18426005578414,506.454189073109,7922.045426767638,4158.174899642729
GF:10xGL-10xNCS=>10xNG,3662.59428969726,181.9055565845086,1426.8050761026514,1336.0533525070928,717.8303045030078
GF:10xGL-15xPG-1xSEN=>10xRG,3880.5813581650427,174.32615839348742,1737.9500284702094,1280.384462819297,687.9207084820491
GF:10xGL-15xPG=>10xRG,3897.4846161391506,197.06435296655096,1475.379634744991,1447.3911318826838,777.6494965449251
GF:10xGL=>20xTUB,1637.2017446383697,30.317592764084768,1264.5702090392683,222.6755587511821,119.63838408383464
GF:16xNE-8xRG=>1xLIT,7819.842195333798,121.27037105633907,6329.316052937391,890.7022350047284,478.55353633533855
GF:1xGV-20xRG=>1xGCH,9740.656605756894,106.11157467429668,8436.44623116004,779.3644556291375,418.7343442934212
GF:1xGCH-20xRG-1xTI=>1xGNZ,21080.651812738382,227.38194573063575,18285.91529574512,1670.0666906338656,897.2878806287597
GF:1xFLX-1xNA-2xSIO=>12xGL,1517.4842508499648,109.14333395070517,176.01072269319943,801.6320115042557,430.6981827018047
GF:1xNA-1xSEN-2xSIO=>10xGL,1314.6870229932188,75.79398191021191,383.1081839954649,556.6888968779552,299.09596020958656
GF:1xNA-2xSIO=>10xGL,1238.4323970675512,90.9527782922543,120.5377902702465,668.0266762535464,358.9151522515039
GF:4xGNZ-4xLFP-1xMFK-50xNG-10xTHF=>1xGEN,120330.83968324933,189.4849547755298,118001.89258575492,1391.7222421948882,747.7399005239664
SCA:10xBGC-10xPSS-10xSI=>10xROM,11997.28918957704,143.63705298660602,10767.026767026871,969.9378748580294,116.6874947055361
SCA:10xBCO-10xSWF-10xTRN=>10xMPC,5447.202128228743,201.09187418124844,3724.834736658503,1357.9130248012414,163.36249258775052
SCA:5xBCO-1xBGO-60xPE-10xSWF=>5xPCB,3319.680382046521,134.06124945416562,2171.4354543330273,905.2753498674944,108.90832839183368
SCA:10xH-10xN-20xTRN=>20xSEN,5251.4078746501045,138.8491512203858,4062.154199518272,937.606612362762,112.7979115486849
SCA:4xCAP-4xHCC-4xMWF-4xTRN=>4xTPU,4990.4787277241785,311.21361480431307,2324.9101455321397,2101.5320621923975,252.8229051953282
SCA:6xBCO-6xCAP-6xPSS=>6xRAM,5535.95804180376,201.09187418124844,3813.5906502335197,1357.9130248012414,163.36249258775052
SE:1xBAI-1xMLI=>1xNN,30507.21580159232,1111.9334985900095,18974.04594755272,8141.28534250807,2279.9510129415216
SE:1xLD-1xROM-1xWM=>1xOS,29859.12088760211,1482.5779981200126,14481.561082215974,10855.047123344093,3039.934683922029
SE:1xLD-1xNF=>1xDD,26761.987373917764,1482.5779981200126,11384.427568531632,10855.047123344093,3039.934683922029
SE:1xLD-1xROM-1xSA-1xSAL=>1xDA,26014.730936255575,1111.9334985900095,14481.561082215972,8141.28534250807,2279.9510129415216
SE:=>1xDV,11533.1698540396,1111.9334985900095,0.0,8141.28534250807,2279.9510129415216
SE:=>1xEDC,7688.779902693067,741.2889990600063,0.0,5427.5235616720465,1519.9673419610144
FER:1xAMM-1xCA-10xDW-1xI-4xPIB=>20xVIT,4759.678438426594,101.23317589636012,3690.5565307107936,608.9735795679363,358.9151522515039
FER:1xAMM-20xDW-15xGRA-15xREA=>10xWIN,27598.55189730768,101.23317589636012,26529.42998959188,608.9735795679363,358.9151522515039
FER:1xAMM-2xDW-1xES-2xGRN=>4xGIN,2448.618069319785,82.2519554157926,1579.956519300697,494.79103339894846,291.6185612043469
FER:1xAMM-3xDW-2xGRN-1xHOP=>6xALE,2191.7318805106556,80.98654071708808,1336.4343543380155,487.178863654349,287.13212180120314
FER:1xAMM-4xDW-1xHER=>6xKOM,1322.313373003068,44.28951445465755,854.5725383774053,266.42594106097215,157.02537911003296
AML:4xAL-1xBOR-1xSI=>4xBOS,10809.15728366546,1014.1923294173714,1998.7796691663093,6906.5488422062335,889.6364428755473
AML:2xBER=>1xAL-1xBE-1xSIO,1989.6875905409843,202.83846588347433,227.61206764115406,1381.3097684412464,177.92728857510946
AML:2xTAI=>1xFE-1xTA,11681.494941017636,1318.450028242583,228.00404216873898,8978.5134948681,1156.5273757382115
AML:2xZIR=>2xSIO-1xZR,10763.81661933137,1217.030795300846,191.36348193238882,8287.858610647478,1067.5637314506569
AML:5xBTS=>1xW,11805.571413891295,1217.030795300846,1233.1182764923135,8287.858610647478,1067.5637314506569
DRS:1xBSC-1xDCH=>1xCCD,27095.361847511398,371.66144417983577,22715.2826997379,3242.456379149909,765.9613244437517
DRS:1xDRF-1xMPC-1xPOW-1xSOL=>1xDCH,8244.065772794214,208.13040874070805,5791.221450041056,1815.775572323949,428.93834168850094
DRS:1xBSC-1xDCH-1xSAR=>1xSUD,38209.776911272085,445.9937330158029,32953.68193394389,3890.9476549798896,919.153589332502
DRS:1xDCH-1xSAR=>1xRED,22862.544154664287,371.66144417983577,18482.465006890787,3242.456379149909,765.9613244437517
DRS:1xDCH-1xSAR-2xUTS=>1xSRD,27054.381401353952,371.66144417983577,22674.302253580456,3242.456379149909,765.9613244437517
DRS:1xBSC-1xDCH-1xSEQ=>1xSDR,34557.011293856296,520.3260218517701,28424.900486973398,4539.438930809874,1072.3458542212522
DRS:1xDCS-50xNFI=>1xDRF,2439.6608375033043,148.66457767193432,687.6291783939057,1296.9825516599635,306.38452977750063
